session,participant,part_label,clicked_button,market_bonus,forecast_bonus,risk_bonus,quiz_bonus,total_bonus,showup,total_payment
v0m3grox,dkg1nkbd,v0m3grox_16T,0,0.0,0.0,0.0,0.0,0.0,12.0,12.0
v0m3grox,1ovi5twf,v0m3grox_14P,0,0.0,0.0,0.0,0.0,0.0,12.0,12.0
n9slx1c3,2slk8ma1,n9slx1c3_53O,1,0.0,0.0,0.0,0.0,0.0,12.0,12.0
n9slx1c3,k70jlcxk,n9slx1c3_32X,1,0.0,0.0,0.0,0.0,0.0,12.0,12.0
n9slx1c3,3kifwb2z,n9slx1c3_62F,1,0.0,0.0,0.0,0.0,0.0,12.0,12.0
n9slx1c3,tx2cdzch,n9slx1c3_30J,1,0.0,0.0,0.0,0.0,0.0,12.0,12.0
n9slx1c3,l25qvrng,n9slx1c3_39I,1,0.0,0.0,0.0,0.0,0.0,12.0,12.0
n9slx1c3,6t0vcv3d,n9slx1c3_17J,1,0.0,0.0,0.0,0.0,0.0,12.0,12.0
n9slx1c3,lnkqdowe,n9slx1c3_69Z,1,0.0,0.0,0.0,0.0,0.0,12.0,12.0
n9slx1c3,iy7zp4kb,n9slx1c3_82D,1,0.0,0.0,0.0,0.0,0.0,12.0,12.0
n9slx1c3,ynnpfehe,n9slx1c3_06Q,1,0.0,0.0,0.0,0.0,0.0,12.0,12.0
n9slx1c3,pjrzzpo0,n9slx1c3_22G,1,0.0,0.0,0.0,0.0,0.0,12.0,12.0
91yoqr0i,4bodkwz0,91yoqr0i_10A,1,0.0,0.0,0.0,0.0,0.0,12.0,12.0
91yoqr0i,q0meb8fr,91yoqr0i_31J,1,0.0,0.0,0.0,0.0,0.0,12.0,12.0
91yoqr0i,kyr0hdcu,91yoqr0i_64D,1,0.0,0.0,0.0,0.0,0.0,12.0,12.0
91yoqr0i,ntn9mt0b,91yoqr0i_11O,1,0.0,0.0,0.0,0.0,0.0,12.0,12.0
91yoqr0i,a48rg21e,91yoqr0i_10V,1,0.0,0.0,0.0,0.0,0.0,12.0,12.0
91yoqr0i,qucp5iqg,91yoqr0i_24Z,1,0.0,0.0,0.0,0.0,0.0,12.0,12.0
91yoqr0i,zz7ujz64,91yoqr0i_56W,1,0.0,0.0,0.0,0.0,0.0,12.0,12.0
91yoqr0i,cmyzxjx6,91yoqr0i_91I,1,0.0,0.0,0.0,0.0,0.0,12.0,12.0
91yoqr0i,v1pzes19,91yoqr0i_88G,1,0.0,0.0,0.0,0.0,0.0,12.0,12.0
91yoqr0i,wfonsd0s,91yoqr0i_41J,1,0.0,0.0,0.0,0.0,0.0,12.0,12.0
tnrp4x8n,lyp7jali,tnrp4x8n_11C,1,0.0,0.0,0.0,0.0,0.0,12.0,12.0
tnrp4x8n,fw5voxye,tnrp4x8n_51Y,1,0.0,0.0,0.0,0.0,0.0,12.0,12.0
tnrp4x8n,sll8wt0g,tnrp4x8n_74L,1,0.0,0.0,0.0,0.0,0.0,12.0,12.0
tnrp4x8n,xir2bxi8,tnrp4x8n_33T,1,0.0,0.0,0.0,0.0,0.0,12.0,12.0
tnrp4x8n,wf3e1c1j,tnrp4x8n_02A,1,0.0,0.0,0.0,0.0,0.0,12.0,12.0
tnrp4x8n,ifoea8bp,tnrp4x8n_15G,1,0.0,0.0,0.0,0.0,0.0,12.0,12.0
tnrp4x8n,dzldtjsq,tnrp4x8n_53Q,1,0.0,0.0,0.0,0.0,0.0,12.0,12.0
tnrp4x8n,g0uyqvlu,tnrp4x8n_01W,1,0.0,0.0,0.0,0.0,0.0,12.0,12.0
tnrp4x8n,1m1bgaqm,tnrp4x8n_60L,1,0.0,0.0,0.0,0.0,0.0,12.0,12.0
tnrp4x8n,bzy6ccza,tnrp4x8n_49O,1,0.0,0.0,0.0,0.0,0.0,12.0,12.0
hbopnibx,8ozo857x,hbopnibx_97M,1,0.0,0.0,0.0,0.0,0.0,12.0,12.0
hbopnibx,rf4xgfm4,hbopnibx_54R,1,0.0,0.0,0.0,0.0,0.0,12.0,12.0
hbopnibx,1obnip5r,hbopnibx_09R,1,0.0,0.0,0.0,0.0,0.0,12.0,12.0
hbopnibx,b7lpsg9n,hbopnibx_12Z,1,0.0,0.0,0.0,0.0,0.0,12.0,12.0
hbopnibx,h2bps6lh,hbopnibx_13R,1,0.0,0.0,0.0,0.0,0.0,12.0,12.0
hbopnibx,2w503qlr,hbopnibx_44A,1,0.0,0.0,0.0,0.0,0.0,12.0,12.0
hbopnibx,3mkn3eyb,hbopnibx_30Y,1,0.0,0.0,0.0,0.0,0.0,12.0,12.0
hbopnibx,ozru98x2,hbopnibx_41V,1,0.0,0.0,0.0,0.0,0.0,12.0,12.0
hbopnibx,9w6jy9sc,hbopnibx_63E,1,0.0,0.0,0.0,0.0,0.0,12.0,12.0
hbopnibx,kev8xi7a,hbopnibx_95R,1,0.0,0.0,0.0,0.0,0.0,12.0,12.0
hy6ur0p0,vsdjxk6b,hy6ur0p0_05Y,1,0.0,0.0,0.0,0.0,0.0,12.0,12.0
hy6ur0p0,35prd576,hy6ur0p0_02T,1,0.0,0.0,0.0,0.0,0.0,12.0,12.0
hy6ur0p0,7lgplhbb,hy6ur0p0_24V,1,0.0,0.0,0.0,0.0,0.0,12.0,12.0
hy6ur0p0,4vsx6xiz,hy6ur0p0_14P,1,0.0,0.0,0.0,0.0,0.0,12.0,12.0
hy6ur0p0,7fcpkt8l,hy6ur0p0_27J,1,0.0,0.0,0.0,0.0,0.0,12.0,12.0
hy6ur0p0,x0wt0mmo,hy6ur0p0_15E,1,0.0,0.0,0.0,0.0,0.0,12.0,12.0
hy6ur0p0,d789csvf,hy6ur0p0_36J,1,0.0,0.0,0.0,0.0,0.0,12.0,12.0
hy6ur0p0,gjylw44r,hy6ur0p0_24E,1,0.0,0.0,0.0,0.0,0.0,12.0,12.0
hy6ur0p0,yjc671la,hy6ur0p0_99W,1,0.0,0.0,0.0,0.0,0.0,12.0,12.0
hy6ur0p0,hj299eu8,hy6ur0p0_17K,1,0.0,0.0,0.0,0.0,0.0,12.0,12.0
8t7646lt,skv10ui1,8t7646lt_21P,1,3.58,0.09,0.9,0.0,4.57,12.0,16.57
8t7646lt,8lvroqem,8t7646lt_94I,1,3.47,0.05,0.15,0.0,3.67,12.0,15.67
8t7646lt,uijtovna,8t7646lt_02A,1,3.93,0.1,0.03,0.0,4.06,12.0,16.06
8t7646lt,hbado144,8t7646lt_62A,1,3.22,0.0,1.75,0.0,4.97,12.0,16.97
8t7646lt,cqqhoa6r,8t7646lt_23G,1,3.08,0.03,1.75,0.0,4.86,12.0,16.86
8t7646lt,pffh6g6f,8t7646lt_96I,1,3.61,0.06,0.05,0.0,3.72,12.0,15.72
8t7646lt,yl9e5hhx,8t7646lt_03M,1,3.28,0.07,0.88,0.0,4.23,12.0,16.23
8t7646lt,taujllne,8t7646lt_50V,1,3.62,0.06,0.13,0.0,3.81,12.0,15.81
8t7646lt,gotn5qxa,8t7646lt_87Q,1,3.77,0.07,1.05,0.0,4.89,12.0,16.89
8t7646lt,ipdu9515,8t7646lt_65I,1,3.47,0.05,0.15,0.0,3.67,12.0,15.67
dydjaml1,n8p4lcgr,dydjaml1_98M,1,3.62,0.0,0.15,0.0,3.77,12.0,15.77
dydjaml1,d60o4c3d,dydjaml1_76Z,1,2.51,0.05,0.97,0.0,3.53,12.0,15.53
dydjaml1,2fzzepna,dydjaml1_17U,1,3.24,0.07,1.82,0.0,5.13,12.0,17.13
dydjaml1,3d57rujq,dydjaml1_22A,1,2.97,0.06,0.88,0.0,3.91,12.0,15.91
dydjaml1,o5v2ykzg,dydjaml1_19Y,1,3.63,0.01,0.85,0.0,4.49,12.0,16.49
dydjaml1,9vumn1yb,dydjaml1_68D,1,3.64,0.03,0.83,0.0,4.5,12.0,16.5
dydjaml1,wkpx6foi,dydjaml1_43U,1,3.78,0.06,0.9,0.0,4.74,12.0,16.74
dydjaml1,cvbk6s6m,dydjaml1_08T,1,4.06,0.03,0.18,0.0,4.27,12.0,16.27
dydjaml1,f85tf1hw,dydjaml1_20T,1,3.48,0.05,0.07,0.0,3.6,12.0,15.6
dydjaml1,9aywigqw,dydjaml1_00D,1,3.58,0.03,1.1,0.0,4.71,12.0,16.71
dydjaml1,r6dq52pt,dydjaml1_78N,1,3.97,0.04,0.07,0.0,4.08,12.0,16.08
dydjaml1,7y5o81uq,dydjaml1_04C,1,2.81,0.03,0.15,0.0,2.99,12.0,14.99
dydjaml1,4mjkegky,dydjaml1_05K,1,3.77,0.01,0.13,0.0,3.91,12.0,15.91
dydjaml1,x5sobnvr,dydjaml1_03Y,1,3.05,0.04,1.1,0.0,4.19,12.0,16.19
dydjaml1,rxp1vgsi,dydjaml1_69U,1,3.43,0.0,0.72,0.0,4.15,12.0,16.15
dydjaml1,6unh3bjm,dydjaml1_15S,1,3.6,0.01,1.75,0.0,5.36,12.0,17.36
dydjaml1,10lkhiuo,dydjaml1_68R,1,3.99,0.1,0.15,0.0,4.24,12.0,16.24
dydjaml1,2k22ntc5,dydjaml1_74E,1,2.86,0.07,0.15,0.0,3.08,12.0,15.08
dydjaml1,dxb2vk3o,dydjaml1_39R,1,3.49,0.03,1.02,0.0,4.54,12.0,16.54
dydjaml1,215emznz,dydjaml1_83I,1,3.09,0.03,0.13,0.0,3.25,12.0,15.25
508kp9hu,223d7ygk,508kp9hu_42B,1,0.0,0.0,0.0,0.0,0.0,12.0,12.0
508kp9hu,xazfc9v3,508kp9hu_55D,1,0.0,0.0,0.0,0.0,0.0,12.0,12.0
4dbjvif9,mis4q0cx,4dbjvif9_89T,1,0.0,0.0,0.0,0.0,0.0,12.0,12.0
4dbjvif9,1j05gxdo,4dbjvif9_54F,1,0.0,0.0,0.0,0.0,0.0,12.0,12.0
z99ili1d,7oqexfdg,z99ili1d_06H,1,0.0,0.0,0.0,0.0,0.0,12.0,12.0
z99ili1d,jusn5xun,z99ili1d_73S,1,0.0,0.0,0.0,0.0,0.0,12.0,12.0
dubw30c2,1gdlgw4a,dubw30c2_97J,1,0.0,0.0,0.0,0.0,0.0,12.0,12.0
dubw30c2,st1yqsdn,dubw30c2_16I,1,0.0,0.0,0.0,0.0,0.0,12.0,12.0
wjsiy4f2,shka7gj0,wjsiy4f2_86M,1,3.36,0.23,0.88,0.0,4.47,12.0,16.47
wjsiy4f2,8iglffgd,wjsiy4f2_33N,1,3.36,0.23,0.72,0.0,4.31,12.0,16.31
wjsiy4f2,951eb0zg,wjsiy4f2_66C,1,3.38,0.2,0.18,0.0,3.76,12.0,15.76
wjsiy4f2,l0m4l961,wjsiy4f2_80G,1,3.39,0.19,0.13,0.0,3.71,12.0,15.71
wjsiy4f2,pdxym8lv,wjsiy4f2_75D,1,3.33,0.18,0.05,0.0,3.56,12.0,15.56
wjsiy4f2,1kglqblp,wjsiy4f2_14X,1,3.35,0.16,0.7,0.0,4.21,12.0,16.21
wjsiy4f2,a9jsrbuu,wjsiy4f2_10K,1,3.34,0.13,0.13,0.0,3.6,12.0,15.6
wjsiy4f2,ru78yjyo,wjsiy4f2_15S,1,3.33,0.16,0.15,0.0,3.64,12.0,15.64
wjsiy4f2,5829jzun,wjsiy4f2_05X,1,3.36,0.16,0.13,0.0,3.65,12.0,15.65
wjsiy4f2,wzm6vxkz,wjsiy4f2_18T,1,3.4,0.23,0.78,0.0,4.41,12.0,16.41
wjsiy4f2,a91hhp44,wjsiy4f2_97E,1,3.36,0.25,0.95,0.0,4.56,12.0,16.56
wjsiy4f2,pldez7dr,wjsiy4f2_39R,1,3.36,0.21,0.15,0.0,3.72,12.0,15.72
wjsiy4f2,4dpvvh7p,wjsiy4f2_89N,1,3.35,0.2,0.83,0.0,4.38,12.0,16.38
wjsiy4f2,b1bju4b3,wjsiy4f2_44B,1,3.33,0.19,0.95,0.0,4.47,12.0,16.47
wjsiy4f2,8zlzai3l,wjsiy4f2_66G,1,3.36,0.24,0.1,0.0,3.7,12.0,15.7
wjsiy4f2,whwk23wu,wjsiy4f2_30I,1,3.29,0.16,0.9,0.0,4.35,12.0,16.35
wjsiy4f2,pi6jlthh,wjsiy4f2_29D,1,3.37,0.2,0.15,0.0,3.72,12.0,15.72
wjsiy4f2,hqhjskh1,wjsiy4f2_81U,1,3.36,0.05,0.13,0.0,3.54,12.0,15.54
wjsiy4f2,x913yduw,wjsiy4f2_35R,1,3.36,0.2,1.88,0.0,5.44,12.0,17.44
wjsiy4f2,ca4w9b5i,wjsiy4f2_30A,1,3.4,0.25,1.07,0.0,4.72,12.0,16.72
ixvjunnm,0gob06o1,ixvjunnm_89E,1,0.0,0.0,0.0,0.0,0.0,12.0,12.0
ixvjunnm,pijg93u0,ixvjunnm_29W,1,0.0,0.0,0.0,0.0,0.0,12.0,12.0
ixvjunnm,u4myt9p5,ixvjunnm_34R,1,0.0,0.0,0.0,0.0,0.0,12.0,12.0
ixvjunnm,9s7o2u90,ixvjunnm_03O,1,0.0,0.0,0.0,0.0,0.0,12.0,12.0
ixvjunnm,5prycex1,ixvjunnm_45S,1,0.0,0.0,0.0,0.0,0.0,12.0,12.0
ixvjunnm,81svrnd9,ixvjunnm_49V,1,0.0,0.0,0.0,0.0,0.0,12.0,12.0
ixvjunnm,ckxuqbj2,ixvjunnm_40W,1,0.0,0.0,0.0,0.0,0.0,12.0,12.0
ixvjunnm,1bbnkx6f,ixvjunnm_26Y,1,0.0,0.0,0.0,0.0,0.0,12.0,12.0
ixvjunnm,0f8z6wtp,ixvjunnm_56A,1,0.0,0.0,0.0,0.0,0.0,12.0,12.0
ixvjunnm,exfuf9zh,ixvjunnm_86D,1,0.0,0.0,0.0,0.0,0.0,12.0,12.0
ixvjunnm,4o138bcd,ixvjunnm_07W,1,0.0,0.0,0.0,0.0,0.0,12.0,12.0
ixvjunnm,yugo5exw,ixvjunnm_59W,1,0.0,0.0,0.0,0.0,0.0,12.0,12.0
ixvjunnm,au67j9qf,ixvjunnm_71S,1,0.0,0.0,0.0,0.0,0.0,12.0,12.0
ixvjunnm,moao6b5q,ixvjunnm_29S,1,0.0,0.0,0.0,0.0,0.0,12.0,12.0
ixvjunnm,rdckn5sy,ixvjunnm_49G,1,0.0,0.0,0.0,0.0,0.0,12.0,12.0
ixvjunnm,kcuny3zp,ixvjunnm_97R,1,0.0,0.0,0.0,0.0,0.0,12.0,12.0
ixvjunnm,viptz3ym,ixvjunnm_95C,1,0.0,0.0,0.0,0.0,0.0,12.0,12.0
ixvjunnm,cn9dutcp,ixvjunnm_75S,1,0.0,0.0,0.0,0.0,0.0,12.0,12.0
ixvjunnm,sfgvzulg,ixvjunnm_02H,1,0.0,0.0,0.0,0.0,0.0,12.0,12.0
ixvjunnm,yyjo5jt6,ixvjunnm_21H,1,0.0,0.0,0.0,0.0,0.0,12.0,12.0
ca3g7jh7,17o52rqs,ca3g7jh7_40O,1,3.39,0.0,0.0,0.0,3.39,12.0,15.39
ca3g7jh7,y60pa15j,ca3g7jh7_96N,1,3.39,0.16,1.93,0.0,5.48,12.0,17.48
ca3g7jh7,2wy462zu,ca3g7jh7_28F,1,3.39,0.06,0.13,0.0,3.58,12.0,15.58
ca3g7jh7,tfcv4u8s,ca3g7jh7_19N,1,3.38,0.23,0.75,0.0,4.36,12.0,16.36
ca3g7jh7,txvhe7ki,ca3g7jh7_79K,1,3.39,0.24,0.95,0.0,4.58,12.0,16.58
ca3g7jh7,u6m0nx96,ca3g7jh7_25T,1,3.42,0.18,0.72,0.0,4.32,12.0,16.32
ca3g7jh7,bx9w0de3,ca3g7jh7_68U,1,3.39,0.15,2.0,0.0,5.54,12.0,17.54
ca3g7jh7,fkc357jo,ca3g7jh7_54V,1,3.39,0.23,0.8,0.0,4.42,12.0,16.42
ca3g7jh7,n31iq4ut,ca3g7jh7_60O,1,3.36,0.24,0.95,0.0,4.55,12.0,16.55
ca3g7jh7,wbl6tdyb,ca3g7jh7_89C,1,3.4,0.2,0.15,0.0,3.75,12.0,15.75
ca3g7jh7,rlcnt8j0,ca3g7jh7_43T,1,3.39,0.25,1.9,0.0,5.54,12.0,17.54
ca3g7jh7,vmn2st3a,ca3g7jh7_28R,1,3.39,0.25,0.93,0.0,4.57,12.0,16.57
ca3g7jh7,ycp2mpc0,ca3g7jh7_82S,1,3.39,0.15,0.18,0.0,3.72,12.0,15.72
ca3g7jh7,hkfjllbs,ca3g7jh7_51T,1,3.39,0.2,1.85,0.0,5.44,12.0,17.44
ca3g7jh7,cfctxpwy,ca3g7jh7_48N,1,3.39,0.2,0.1,0.0,3.69,12.0,15.69
ca3g7jh7,dlbwmrek,ca3g7jh7_03I,1,3.39,0.13,0.13,0.0,3.65,12.0,15.65
ca3g7jh7,vk0jbkvr,ca3g7jh7_90K,1,3.38,0.18,0.18,0.0,3.74,12.0,15.74
ca3g7jh7,50111zss,ca3g7jh7_92B,1,3.39,0.23,0.95,0.0,4.57,12.0,16.57
ca3g7jh7,87t5a6k7,ca3g7jh7_82F,1,3.39,0.14,2.0,0.0,5.53,12.0,17.53
ca3g7jh7,s6gh7xk8,ca3g7jh7_05F,1,3.4,0.2,1.07,0.0,4.67,12.0,16.67
n4tf4zjp,e01fzjy6,n4tf4zjp_40B,1,3.36,0.25,0.7,0.0,4.31,12.0,16.31
n4tf4zjp,z02jia5b,n4tf4zjp_28S,1,3.2,0.21,0.72,0.0,4.13,12.0,16.13
n4tf4zjp,4ugg4c0c,n4tf4zjp_08N,1,3.3,0.24,0.83,0.0,4.37,12.0,16.37
n4tf4zjp,zg9fepx9,n4tf4zjp_10R,1,3.35,0.23,0.7,0.0,4.28,12.0,16.28
n4tf4zjp,x46jysbm,n4tf4zjp_67P,1,3.27,0.16,0.13,0.0,3.56,12.0,15.56
n4tf4zjp,jh6kr41g,n4tf4zjp_77C,1,3.33,0.25,0.75,0.0,4.33,12.0,16.33
n4tf4zjp,p2dqfzdi,n4tf4zjp_66H,1,3.33,0.25,1.98,0.0,5.56,12.0,17.56
n4tf4zjp,dpr0rmnt,n4tf4zjp_62S,1,3.24,0.25,0.72,0.0,4.21,12.0,16.21
n4tf4zjp,etwmgsua,n4tf4zjp_24M,1,3.05,0.16,0.15,0.0,3.36,12.0,15.36
n4tf4zjp,7457s754,n4tf4zjp_01X,1,3.1,0.21,1.73,0.0,5.04,12.0,17.04
n4tf4zjp,3fejo4lm,n4tf4zjp_51Q,1,3.13,0.23,1.9,0.0,5.26,12.0,17.26
n4tf4zjp,xv4nvldh,n4tf4zjp_49M,1,3.3,0.21,0.18,0.0,3.69,12.0,15.69
n4tf4zjp,lujg6ycp,n4tf4zjp_94E,1,3.24,0.24,1.1,0.0,4.58,12.0,16.58
n4tf4zjp,h99115w8,n4tf4zjp_83R,1,3.13,0.23,0.18,0.0,3.54,12.0,15.54
n4tf4zjp,hw0yhiuw,n4tf4zjp_92C,1,3.16,0.25,0.07,0.0,3.48,12.0,15.48
n4tf4zjp,1tfirwx2,n4tf4zjp_03H,1,3.31,0.25,1.93,0.0,5.49,12.0,17.49
n4tf4zjp,y1nxqoga,n4tf4zjp_93Q,1,3.12,0.2,0.88,0.0,4.2,12.0,16.2
n4tf4zjp,elwuoix7,n4tf4zjp_56D,1,3.27,0.24,0.05,0.0,3.56,12.0,15.56
n4tf4zjp,dkw1fn3o,n4tf4zjp_15Q,1,3.29,0.23,1.88,0.0,5.4,12.0,17.4
n4tf4zjp,cge2zdvs,n4tf4zjp_48C,1,3.38,0.21,0.1,0.0,3.69,12.0,15.69
7w5kngml,hk3qro21,7w5kngml_32D,1,0.0,0.0,0.0,0.0,0.0,12.0,12.0
7w5kngml,7t3t8gkj,7w5kngml_63J,1,0.0,0.0,0.0,0.0,0.0,12.0,12.0
q6j65aev,cf15pmsb,q6j65aev_61V,1,3.38,0.15,1.0,0.0,4.53,12.0,16.53
q6j65aev,ylyiwt8h,q6j65aev_93W,1,3.37,0.06,0.78,0.0,4.21,12.0,16.21
q6j65aev,bvwtju9x,q6j65aev_27E,1,3.42,0.13,0.97,0.0,4.52,12.0,16.52
q6j65aev,tn2d5n20,q6j65aev_41T,1,3.41,0.16,0.85,0.0,4.42,12.0,16.42
q6j65aev,yn7gcuck,q6j65aev_75A,1,3.37,0.16,0.1,0.0,3.63,12.0,15.63
q6j65aev,x5605xgi,q6j65aev_98I,1,3.39,0.13,0.07,0.0,3.59,12.0,15.59
q6j65aev,l1f6cotw,q6j65aev_79F,1,3.44,0.13,0.15,0.0,3.72,12.0,15.72
q6j65aev,b0p2eyjx,q6j65aev_19U,1,3.37,0.14,0.18,0.0,3.69,12.0,15.69
q6j65aev,04kf3q30,q6j65aev_70I,1,3.43,0.1,0.97,0.0,4.5,12.0,16.5
q6j65aev,wohyfg5w,q6j65aev_36J,1,3.38,0.0,0.0,0.0,3.38,12.0,15.38
q6j65aev,vi4f2mwp,q6j65aev_14I,1,3.38,0.16,0.18,0.0,3.72,12.0,15.72
q6j65aev,ne3sbwpu,q6j65aev_80Q,1,3.37,0.1,0.9,0.0,4.37,12.0,16.37
q6j65aev,b7kznrif,q6j65aev_71R,1,3.38,0.11,0.85,0.0,4.34,12.0,16.34
q6j65aev,aiv4g5i3,q6j65aev_86W,1,3.38,0.11,0.03,0.0,3.52,12.0,15.52
q6j65aev,74q94cb9,q6j65aev_46T,1,3.34,0.11,0.07,0.0,3.52,12.0,15.52
q6j65aev,dyr2rm1s,q6j65aev_23F,1,3.21,0.03,0.15,0.0,3.39,12.0,15.39
q6j65aev,m0qxqpkz,q6j65aev_44J,1,3.38,0.11,1.73,0.0,5.22,12.0,17.22
q6j65aev,os75lem4,q6j65aev_73B,1,3.37,0.13,0.95,0.0,4.45,12.0,16.45
q6j65aev,n5k52rej,q6j65aev_35I,1,3.38,0.16,1.0,0.0,4.54,12.0,16.54
q6j65aev,49tecelj,q6j65aev_82E,1,3.38,0.14,0.78,0.0,4.3,12.0,16.3
h72zrcjh,lsurlrc8,h72zrcjh_16M,1,0.0,0.0,0.0,0.0,0.0,12.0,12.0
h72zrcjh,yblhgwtn,h72zrcjh_94I,1,0.0,0.0,0.0,0.0,0.0,12.0,12.0
ieyamoq1,59yx4m3p,ieyamoq1_37E,1,0.0,0.0,0.0,0.0,0.0,12.0,12.0
ieyamoq1,3dn2r5lz,ieyamoq1_27Y,1,0.0,0.0,0.0,0.0,0.0,12.0,12.0
ieyamoq1,awph6hy5,ieyamoq1_89B,1,0.0,0.0,0.0,0.0,0.0,12.0,12.0
ieyamoq1,66pdkd55,ieyamoq1_44A,1,0.0,0.0,0.0,0.0,0.0,12.0,12.0
ieyamoq1,6nxgglkn,ieyamoq1_23K,1,0.0,0.0,0.0,0.0,0.0,12.0,12.0
ieyamoq1,yej1kb2j,ieyamoq1_53I,1,0.0,0.0,0.0,0.0,0.0,12.0,12.0
ieyamoq1,dfpjosxj,ieyamoq1_45C,1,0.0,0.0,0.0,0.0,0.0,12.0,12.0
ieyamoq1,g0chvsr1,ieyamoq1_72Q,1,0.0,0.0,0.0,0.0,0.0,12.0,12.0
ieyamoq1,tsq7r0hy,ieyamoq1_08K,1,0.0,0.0,0.0,0.0,0.0,12.0,12.0
ieyamoq1,msxaox0u,ieyamoq1_93R,1,0.0,0.0,0.0,0.0,0.0,12.0,12.0
mwn54mlx,0cwvxzvz,mwn54mlx_57Q,1,0.0,0.0,0.0,0.0,0.0,12.0,12.0
mwn54mlx,3pha0lem,mwn54mlx_58L,1,0.0,0.0,0.0,0.0,0.0,12.0,12.0
mwn54mlx,d45o4u9b,mwn54mlx_75P,1,0.0,0.0,0.0,0.0,0.0,12.0,12.0
mwn54mlx,6zgyve0t,mwn54mlx_90U,1,0.0,0.0,0.0,0.0,0.0,12.0,12.0
mwn54mlx,9zfz9u7f,mwn54mlx_46G,1,0.0,0.0,0.0,0.0,0.0,12.0,12.0
eofp88wq,vqinuvik,eofp88wq_07Z,1,3.38,0.06,1.05,0.0,4.49,12.0,16.49
eofp88wq,rj4dbv1m,eofp88wq_37W,1,3.38,0.11,0.1,0.0,3.59,12.0,15.59
eofp88wq,na5rdrop,eofp88wq_52M,1,3.36,0.07,0.85,0.0,4.28,12.0,16.28
eofp88wq,iidwn4p8,eofp88wq_16S,1,3.37,0.1,1.9,0.0,5.37,12.0,17.37
eofp88wq,5ykh46o0,eofp88wq_61H,1,3.38,0.13,0.72,0.0,4.23,12.0,16.23
6xlh0ljt,eqses48o,6xlh0ljt_79K,1,3.22,0.0,0.75,0.0,3.97,12.0,15.97
6xlh0ljt,zyk4s0uv,6xlh0ljt_59T,1,3.27,0.04,0.15,0.0,3.46,12.0,15.46
6xlh0ljt,6o47wcui,6xlh0ljt_45A,1,3.28,0.03,1.85,0.0,5.16,12.0,17.16
6xlh0ljt,s89ooy4c,6xlh0ljt_33Z,1,3.21,0.0,0.7,0.0,3.91,12.0,15.91
6xlh0ljt,orby7txl,6xlh0ljt_34O,1,3.29,0.03,0.1,0.0,3.42,12.0,15.42
6xlh0ljt,wfxxoilm,6xlh0ljt_42W,1,3.32,0.07,0.18,0.0,3.57,12.0,15.57
6xlh0ljt,ksoghzzn,6xlh0ljt_21K,1,3.29,0.04,0.15,0.0,3.48,12.0,15.48
6xlh0ljt,dfeu0srh,6xlh0ljt_72P,1,3.33,0.1,0.9,0.0,4.33,12.0,16.33
6xlh0ljt,hfyrhfa9,6xlh0ljt_77W,1,3.3,0.07,1.95,0.0,5.32,12.0,17.32
6xlh0ljt,ezg0xan8,6xlh0ljt_32X,1,3.36,0.1,0.85,0.0,4.31,12.0,16.31
6xlh0ljt,s1na24zc,6xlh0ljt_39T,1,3.29,0.03,0.9,0.0,4.22,12.0,16.22
6xlh0ljt,2albwk6d,6xlh0ljt_54M,1,3.15,0.01,1.07,0.0,4.23,12.0,16.23
6xlh0ljt,h3fz0395,6xlh0ljt_35H,1,3.3,0.01,1.93,0.0,5.24,12.0,17.24
6xlh0ljt,rkpfmzfo,6xlh0ljt_53J,1,3.26,0.03,0.18,0.0,3.47,12.0,15.47
6xlh0ljt,gi96sdln,6xlh0ljt_02Z,1,3.29,0.0,0.1,0.0,3.39,12.0,15.39
6xlh0ljt,croyc4k5,6xlh0ljt_81Z,1,3.27,0.0,0.7,0.0,3.97,12.0,15.97
6xlh0ljt,9k8zmfkm,6xlh0ljt_43F,1,3.36,0.06,0.18,0.0,3.6,12.0,15.6
6xlh0ljt,x3vbhm84,6xlh0ljt_89Z,1,3.34,0.05,0.05,0.0,3.44,12.0,15.44
6xlh0ljt,2hngkjt9,6xlh0ljt_34E,1,3.29,0.14,0.03,0.0,3.46,12.0,15.46
6xlh0ljt,t1o8ij02,6xlh0ljt_57K,1,3.32,0.01,0.15,0.0,3.48,12.0,15.48
f4sjyk8e,spty7ij0,f4sjyk8e_70G,1,3.36,0.04,0.72,0.0,4.12,12.0,16.12
f4sjyk8e,hluwanne,f4sjyk8e_64R,1,3.37,0.01,1.0,0.0,4.38,12.0,16.38
f4sjyk8e,5l9cv2ef,f4sjyk8e_75V,1,3.34,0.06,0.75,0.0,4.15,12.0,16.15
f4sjyk8e,fsmcf90s,f4sjyk8e_11F,1,3.32,0.07,0.15,0.0,3.54,12.0,15.54
f4sjyk8e,3lz3re88,f4sjyk8e_75L,1,3.34,0.04,0.13,0.0,3.51,12.0,15.51
f4sjyk8e,nnmjqjri,f4sjyk8e_01M,1,3.33,0.0,0.03,0.0,3.36,12.0,15.36
f4sjyk8e,ik592aw9,f4sjyk8e_68D,1,3.35,0.18,1.73,0.0,5.26,12.0,17.26
f4sjyk8e,tpk56h8c,f4sjyk8e_98Q,1,3.38,0.03,1.9,0.0,5.31,12.0,17.31
f4sjyk8e,ygxqerss,f4sjyk8e_36A,1,3.35,0.14,0.85,0.0,4.34,12.0,16.34
f4sjyk8e,p94286p5,f4sjyk8e_76T,1,3.37,0.0,0.7,0.0,4.07,12.0,16.07
f4sjyk8e,pzm5pvjd,f4sjyk8e_10B,1,3.34,0.07,0.95,0.0,4.36,12.0,16.36
f4sjyk8e,go7l6u7w,f4sjyk8e_13U,1,3.38,0.03,0.18,0.0,3.59,12.0,15.59
f4sjyk8e,l9xavvg3,f4sjyk8e_16F,1,3.35,0.14,0.75,0.0,4.24,12.0,16.24
f4sjyk8e,fw4e5gai,f4sjyk8e_22D,1,3.35,0.07,0.93,0.0,4.35,12.0,16.35
f4sjyk8e,gqpon70k,f4sjyk8e_67X,1,3.35,0.04,0.78,0.0,4.17,12.0,16.17
f4sjyk8e,3x0dbmot,f4sjyk8e_83S,1,3.33,0.03,1.85,0.0,5.21,12.0,17.21
f4sjyk8e,3zsyj6qb,f4sjyk8e_47R,1,3.34,0.06,0.7,0.0,4.1,12.0,16.1
f4sjyk8e,o2688sfv,f4sjyk8e_83J,1,3.36,0.01,0.05,0.0,3.42,12.0,15.42
f4sjyk8e,fne7jdme,f4sjyk8e_34Y,1,3.32,0.04,0.85,0.0,4.21,12.0,16.21
f4sjyk8e,jck1a9uz,f4sjyk8e_72Y,1,3.37,0.06,0.85,0.0,4.28,12.0,16.28
gkbl9ud8,3md1i3k9,gkbl9ud8_06Q,1,3.46,0.0,0.07,0.0,3.53,12.0,15.53
gkbl9ud8,iznoscy7,gkbl9ud8_14J,1,3.46,0.0,0.18,0.0,3.64,12.0,15.64
gkbl9ud8,pti6juje,gkbl9ud8_39Z,1,3.46,0.0,0.85,0.0,4.31,12.0,16.31
gkbl9ud8,rjd1dd9u,gkbl9ud8_17Y,1,3.46,0.0,1.85,0.0,5.31,12.0,17.31
gkbl9ud8,lv2zq1st,gkbl9ud8_31S,1,3.46,0.0,2.0,0.0,5.46,12.0,17.46
gkbl9ud8,jq7lfm00,gkbl9ud8_70L,1,3.46,0.0,0.07,0.0,3.53,12.0,15.53
gkbl9ud8,kulhe9z4,gkbl9ud8_45A,1,3.46,0.0,1.75,0.0,5.21,12.0,17.21
gkbl9ud8,rnml9wq4,gkbl9ud8_12B,1,3.46,0.0,1.05,0.0,4.51,12.0,16.51
gkbl9ud8,5g2w8i2r,gkbl9ud8_09O,1,3.46,0.0,0.15,0.0,3.61,12.0,15.61
gkbl9ud8,1mftjpyn,gkbl9ud8_45H,1,3.46,0.0,1.0,0.0,4.46,12.0,16.46
gkbl9ud8,9065uhte,gkbl9ud8_38I,1,3.46,0.0,0.13,0.0,3.59,12.0,15.59
gkbl9ud8,ni0l8dke,gkbl9ud8_55Y,1,3.46,0.0,1.75,0.0,5.21,12.0,17.21
gkbl9ud8,k0ms01vp,gkbl9ud8_49I,1,3.46,0.0,0.13,0.0,3.59,12.0,15.59
gkbl9ud8,3iy4zf6x,gkbl9ud8_09B,1,3.46,0.0,1.88,0.0,5.34,12.0,17.34
gkbl9ud8,rxetpjuh,gkbl9ud8_81O,1,3.46,0.0,0.95,0.0,4.41,12.0,16.41
gkbl9ud8,p665bzt0,gkbl9ud8_20B,1,3.46,0.0,0.1,0.0,3.56,12.0,15.56
gkbl9ud8,n23mjf5x,gkbl9ud8_62H,1,3.46,0.0,0.18,0.0,3.64,12.0,15.64
gkbl9ud8,2k2wseah,gkbl9ud8_86V,1,3.46,0.0,0.18,0.0,3.64,12.0,15.64
gkbl9ud8,nzqyeq6k,gkbl9ud8_69U,1,3.46,0.0,0.9,0.0,4.36,12.0,16.36
gkbl9ud8,itddg64n,gkbl9ud8_99G,1,3.46,0.0,0.85,0.0,4.31,12.0,16.31
mrjdikm4,7kmzh1vg,mrjdikm4_76Y,1,4.32,0.01,0.8,0.0,5.13,12.0,17.13
mrjdikm4,qj1w4g0q,mrjdikm4_52U,1,3.34,0.04,0.03,0.0,3.41,12.0,15.41
mrjdikm4,6eqyvdx1,mrjdikm4_46P,1,1.92,0.01,0.7,0.0,2.63,12.0,14.63
mrjdikm4,vwq2m85j,mrjdikm4_74B,1,2.22,0.0,0.9,0.0,3.12,12.0,15.12
mrjdikm4,13881mox,mrjdikm4_76I,1,3.25,0.05,1.82,0.0,5.12,12.0,17.12
mrjdikm4,0uvkxeod,mrjdikm4_62Y,1,2.75,0.04,0.72,0.0,3.51,12.0,15.51
mrjdikm4,fm3imyn2,mrjdikm4_94X,1,4.68,0.01,0.15,0.0,4.84,12.0,16.84
mrjdikm4,gq5zquuu,mrjdikm4_55Z,1,3.38,0.04,0.15,0.0,3.57,12.0,15.57
mrjdikm4,6zo47h4h,mrjdikm4_64A,1,4.06,0.06,1.75,0.0,5.87,12.0,17.87
mrjdikm4,s7yip9hi,mrjdikm4_51E,1,3.3,0.06,0.13,0.0,3.49,12.0,15.49
mrjdikm4,ik2mkawz,mrjdikm4_65A,1,4.57,0.05,0.13,0.0,4.75,12.0,16.75
mrjdikm4,yq1pr1ti,mrjdikm4_83P,1,2.14,0.05,0.9,0.0,3.09,12.0,15.09
mrjdikm4,lw6x3nl2,mrjdikm4_56Y,1,3.82,0.03,1.9,0.0,5.75,12.0,17.75
mrjdikm4,w2o5nu0o,mrjdikm4_90F,1,0.98,0.04,0.9,0.0,1.92,12.0,13.92
mrjdikm4,fi0vw73a,mrjdikm4_44B,1,3.22,0.03,0.03,0.0,3.28,12.0,15.28
mrjdikm4,loitcgd2,mrjdikm4_21F,1,4.82,0.05,2.0,0.0,6.87,12.0,18.87
mrjdikm4,4hswz73h,mrjdikm4_37Q,1,4.3,0.03,0.97,0.0,5.3,12.0,17.3
mrjdikm4,9eugri1e,mrjdikm4_64S,1,2.13,0.03,1.02,0.0,3.18,12.0,15.18
mrjdikm4,gqlhrosl,mrjdikm4_94D,1,2.92,0.04,0.83,0.0,3.79,12.0,15.79
mrjdikm4,blogpuiq,mrjdikm4_63D,1,3.54,0.01,0.9,0.0,4.45,12.0,16.45
x54jdhto,mjnso85t,x54jdhto_96S,1,0.0,0.0,0.0,0.0,0.0,12.0,12.0
x54jdhto,b6kgi8n9,x54jdhto_57O,1,0.0,0.0,0.0,0.0,0.0,12.0,12.0
x54jdhto,n2xi47m9,x54jdhto_21P,1,0.0,0.0,0.0,0.0,0.0,12.0,12.0
x54jdhto,artszjv1,x54jdhto_51A,1,0.0,0.0,0.0,0.0,0.0,12.0,12.0
x54jdhto,68arhey9,x54jdhto_08S,1,0.0,0.0,0.0,0.0,0.0,12.0,12.0
x54jdhto,4xdu60mz,x54jdhto_26T,1,0.0,0.0,0.0,0.0,0.0,12.0,12.0
x54jdhto,hlel6a13,x54jdhto_75A,1,0.0,0.0,0.0,0.0,0.0,12.0,12.0
x54jdhto,xpgssce5,x54jdhto_79O,1,0.0,0.0,0.0,0.0,0.0,12.0,12.0
x54jdhto,nbsgwzpc,x54jdhto_70X,1,0.0,0.0,0.0,0.0,0.0,12.0,12.0
x54jdhto,hsfqwa3l,x54jdhto_57J,1,0.0,0.0,0.0,0.0,0.0,12.0,12.0
x54jdhto,8c993kci,x54jdhto_98A,1,0.0,0.0,0.0,0.0,0.0,12.0,12.0
x54jdhto,jmfsum7b,x54jdhto_22L,1,0.0,0.0,0.0,0.0,0.0,12.0,12.0
x54jdhto,3l1wpygs,x54jdhto_65L,1,0.0,0.0,0.0,0.0,0.0,12.0,12.0
x54jdhto,ihh6szhf,x54jdhto_57D,1,0.0,0.0,0.0,0.0,0.0,12.0,12.0
x54jdhto,75tsicoo,x54jdhto_85H,1,0.0,0.0,0.0,0.0,0.0,12.0,12.0
x54jdhto,4a1el3tp,x54jdhto_08W,1,0.0,0.0,0.0,0.0,0.0,12.0,12.0
x54jdhto,hkjon95y,x54jdhto_98L,1,0.0,0.0,0.0,0.0,0.0,12.0,12.0
x54jdhto,w8plv2wx,x54jdhto_75W,1,0.0,0.0,0.0,0.0,0.0,12.0,12.0
x54jdhto,kmhcr16m,x54jdhto_29Q,1,0.0,0.0,0.0,0.0,0.0,12.0,12.0
x54jdhto,2pp7gktn,x54jdhto_71R,1,0.0,0.0,0.0,0.0,0.0,12.0,12.0
u5jkxo53,fsc03yf3,u5jkxo53_48N,1,0.0,0.0,0.0,0.0,0.0,12.0,12.0
u5jkxo53,1ujal8l5,u5jkxo53_96O,1,0.0,0.0,0.0,0.0,0.0,12.0,12.0
u5jkxo53,dk98qlxa,u5jkxo53_11L,1,0.0,0.0,0.0,0.0,0.0,12.0,12.0
u5jkxo53,i2paafw7,u5jkxo53_79K,1,0.0,0.0,0.0,0.0,0.0,12.0,12.0
u5jkxo53,xfyeydqs,u5jkxo53_94K,1,0.0,0.0,0.0,0.0,0.0,12.0,12.0
u5jkxo53,9khv7j2e,u5jkxo53_98N,1,0.0,0.0,0.0,0.0,0.0,12.0,12.0
u5jkxo53,t67wyr4h,u5jkxo53_68K,1,0.0,0.0,0.0,0.0,0.0,12.0,12.0
u5jkxo53,kq0tskam,u5jkxo53_99G,1,0.0,0.0,0.0,0.0,0.0,12.0,12.0
u5jkxo53,qw2gly6b,u5jkxo53_18S,1,0.0,0.0,0.0,0.0,0.0,12.0,12.0
u5jkxo53,ezq3odt4,u5jkxo53_23L,1,0.0,0.0,0.0,0.0,0.0,12.0,12.0
u5jkxo53,nz1tl8i8,u5jkxo53_81W,1,0.0,0.0,0.0,0.0,0.0,12.0,12.0
u5jkxo53,3kg0bywz,u5jkxo53_87U,1,0.0,0.0,0.0,0.0,0.0,12.0,12.0
u5jkxo53,oartjwc3,u5jkxo53_22I,1,0.0,0.0,0.0,0.0,0.0,12.0,12.0
u5jkxo53,d6wc8qn7,u5jkxo53_59Y,1,0.0,0.0,0.0,0.0,0.0,12.0,12.0
u5jkxo53,eu28t4dm,u5jkxo53_75R,1,0.0,0.0,0.0,0.0,0.0,12.0,12.0
u5jkxo53,c7ystm2l,u5jkxo53_12S,1,0.0,0.0,0.0,0.0,0.0,12.0,12.0
u5jkxo53,3wvqer67,u5jkxo53_99Y,1,0.0,0.0,0.0,0.0,0.0,12.0,12.0
u5jkxo53,76oejw1v,u5jkxo53_54M,1,0.0,0.0,0.0,0.0,0.0,12.0,12.0
u5jkxo53,pt5gg891,u5jkxo53_63E,1,0.0,0.0,0.0,0.0,0.0,12.0,12.0
u5jkxo53,narxzb60,u5jkxo53_85O,1,0.0,0.0,0.0,0.0,0.0,12.0,12.0
pt4ws8vp,mvcd2ng5,pt4ws8vp_76U,1,0.0,0.0,0.0,0.0,0.0,12.0,12.0
pt4ws8vp,jr6wdrdu,pt4ws8vp_62J,1,0.0,0.0,0.0,0.0,0.0,12.0,12.0
pt4ws8vp,04gqmuzb,pt4ws8vp_43O,1,0.0,0.0,0.0,0.0,0.0,12.0,12.0
pt4ws8vp,qn3n0hgj,pt4ws8vp_57E,1,0.0,0.0,0.0,0.0,0.0,12.0,12.0
pt4ws8vp,nj4ky0si,pt4ws8vp_93D,1,0.0,0.0,0.0,0.0,0.0,12.0,12.0
pt4ws8vp,qvysdk7n,pt4ws8vp_87A,1,0.0,0.0,0.0,0.0,0.0,12.0,12.0
pt4ws8vp,vx6gzi93,pt4ws8vp_10M,1,0.0,0.0,0.0,0.0,0.0,12.0,12.0
pt4ws8vp,pc0z42xe,pt4ws8vp_32S,1,0.0,0.0,0.0,0.0,0.0,12.0,12.0
pt4ws8vp,eu3s9umy,pt4ws8vp_98S,1,0.0,0.0,0.0,0.0,0.0,12.0,12.0
pt4ws8vp,l2tu2gs7,pt4ws8vp_09R,1,0.0,0.0,0.0,0.0,0.0,12.0,12.0
pt4ws8vp,tqtn2pzx,pt4ws8vp_31P,1,0.0,0.0,0.0,0.0,0.0,12.0,12.0
pt4ws8vp,gcekulnh,pt4ws8vp_43Q,1,0.0,0.0,0.0,0.0,0.0,12.0,12.0
pt4ws8vp,fy8lb2of,pt4ws8vp_63I,1,0.0,0.0,0.0,0.0,0.0,12.0,12.0
pt4ws8vp,9dwem14r,pt4ws8vp_32G,1,0.0,0.0,0.0,0.0,0.0,12.0,12.0
pt4ws8vp,22qk4vho,pt4ws8vp_86J,1,0.0,0.0,0.0,0.0,0.0,12.0,12.0
pt4ws8vp,yaxjaelw,pt4ws8vp_90A,1,0.0,0.0,0.0,0.0,0.0,12.0,12.0
pt4ws8vp,y50aqaie,pt4ws8vp_19D,1,0.0,0.0,0.0,0.0,0.0,12.0,12.0
pt4ws8vp,01d1c83o,pt4ws8vp_41L,1,0.0,0.0,0.0,0.0,0.0,12.0,12.0
pt4ws8vp,kjybq1uj,pt4ws8vp_51M,1,0.0,0.0,0.0,0.0,0.0,12.0,12.0
pt4ws8vp,274bg75v,pt4ws8vp_43H,1,0.0,0.0,0.0,0.0,0.0,12.0,12.0
06bc27ep,axlt69sp,06bc27ep_59W,1,0.0,0.0,0.0,0.0,0.0,12.0,12.0
06bc27ep,2euru7wb,06bc27ep_54P,1,0.0,0.0,0.0,0.0,0.0,12.0,12.0
06bc27ep,viqtrc54,06bc27ep_01T,1,0.0,0.0,0.0,0.0,0.0,12.0,12.0
06bc27ep,6j62pp25,06bc27ep_78F,1,0.0,0.0,0.0,0.0,0.0,12.0,12.0
06bc27ep,j32cj2x1,06bc27ep_04E,1,0.0,0.0,0.0,0.0,0.0,12.0,12.0
06bc27ep,93losdk1,06bc27ep_96T,1,0.0,0.0,0.0,0.0,0.0,12.0,12.0
06bc27ep,90wf4ufr,06bc27ep_71X,1,0.0,0.0,0.0,0.0,0.0,12.0,12.0
06bc27ep,h7ovgo0u,06bc27ep_68N,1,0.0,0.0,0.0,0.0,0.0,12.0,12.0
06bc27ep,x7lssby1,06bc27ep_79K,1,0.0,0.0,0.0,0.0,0.0,12.0,12.0
06bc27ep,thtr8apj,06bc27ep_22Y,1,0.0,0.0,0.0,0.0,0.0,12.0,12.0
06bc27ep,n461zlys,06bc27ep_93T,1,0.0,0.0,0.0,0.0,0.0,12.0,12.0
06bc27ep,53jwhdxo,06bc27ep_38X,1,0.0,0.0,0.0,0.0,0.0,12.0,12.0
06bc27ep,pbingdjv,06bc27ep_95P,1,0.0,0.0,0.0,0.0,0.0,12.0,12.0
06bc27ep,9tr8mppd,06bc27ep_73P,1,0.0,0.0,0.0,0.0,0.0,12.0,12.0
06bc27ep,104xa89j,06bc27ep_32U,1,0.0,0.0,0.0,0.0,0.0,12.0,12.0
06bc27ep,9tt2u5h2,06bc27ep_92T,1,0.0,0.0,0.0,0.0,0.0,12.0,12.0
06bc27ep,6b2d8ljl,06bc27ep_77Q,1,0.0,0.0,0.0,0.0,0.0,12.0,12.0
06bc27ep,r4ih6kop,06bc27ep_09L,1,0.0,0.0,0.0,0.0,0.0,12.0,12.0
06bc27ep,kzh0io5t,06bc27ep_05L,1,0.0,0.0,0.0,0.0,0.0,12.0,12.0
06bc27ep,6vxv1qzr,06bc27ep_03M,1,0.0,0.0,0.0,0.0,0.0,12.0,12.0
8scggp1g,j3cxjw7r,8scggp1g_34T,1,0.0,0.0,0.0,0.0,0.0,12.0,12.0
8scggp1g,szictg7g,8scggp1g_29Z,1,0.0,0.0,0.0,0.0,0.0,12.0,12.0
8scggp1g,geqz8t6v,8scggp1g_68C,1,0.0,0.0,0.0,0.0,0.0,12.0,12.0
8scggp1g,ylnf2gk0,8scggp1g_89I,1,0.0,0.0,0.0,0.0,0.0,12.0,12.0
8scggp1g,vd2eigoq,8scggp1g_63X,1,0.0,0.0,0.0,0.0,0.0,12.0,12.0
8scggp1g,hewu6th4,8scggp1g_65B,1,0.0,0.0,0.0,0.0,0.0,12.0,12.0
8scggp1g,3bq3gem6,8scggp1g_49H,1,0.0,0.0,0.0,0.0,0.0,12.0,12.0
8scggp1g,0zp41clo,8scggp1g_04B,1,0.0,0.0,0.0,0.0,0.0,12.0,12.0
8scggp1g,6d32u7n0,8scggp1g_30Q,1,0.0,0.0,0.0,0.0,0.0,12.0,12.0
8scggp1g,k3y2u9rg,8scggp1g_89U,1,0.0,0.0,0.0,0.0,0.0,12.0,12.0
8scggp1g,eaohxtui,8scggp1g_76H,1,0.0,0.0,0.0,0.0,0.0,12.0,12.0
8scggp1g,ey5y2lmo,8scggp1g_24R,1,0.0,0.0,0.0,0.0,0.0,12.0,12.0
8scggp1g,j4o8ebzr,8scggp1g_91S,1,0.0,0.0,0.0,0.0,0.0,12.0,12.0
8scggp1g,ehrcvq4i,8scggp1g_15F,1,0.0,0.0,0.0,0.0,0.0,12.0,12.0
8scggp1g,7l1at046,8scggp1g_26S,1,0.0,0.0,0.0,0.0,0.0,12.0,12.0
8scggp1g,32i34oxj,8scggp1g_68B,1,0.0,0.0,0.0,0.0,0.0,12.0,12.0
8scggp1g,824thln0,8scggp1g_54L,1,0.0,0.0,0.0,0.0,0.0,12.0,12.0
8scggp1g,z01949m3,8scggp1g_89R,1,0.0,0.0,0.0,0.0,0.0,12.0,12.0
8scggp1g,x9ciglob,8scggp1g_12J,1,0.0,0.0,0.0,0.0,0.0,12.0,12.0
8scggp1g,b7qv6e9q,8scggp1g_31M,1,0.0,0.0,0.0,0.0,0.0,12.0,12.0
hm9kirhb,ufqwtmnw,hm9kirhb_39U,1,0.0,0.0,0.0,0.0,0.0,12.0,12.0
hm9kirhb,dbajko0x,hm9kirhb_69V,1,0.0,0.0,0.0,0.0,0.0,12.0,12.0
hm9kirhb,yq21wk53,hm9kirhb_88U,1,0.0,0.0,0.0,0.0,0.0,12.0,12.0
hm9kirhb,h733aoe5,hm9kirhb_11T,1,0.0,0.0,0.0,0.0,0.0,12.0,12.0
hm9kirhb,rt0ip7v8,hm9kirhb_97S,1,0.0,0.0,0.0,0.0,0.0,12.0,12.0
hm9kirhb,dr9dka7b,hm9kirhb_24F,1,0.0,0.0,0.0,0.0,0.0,12.0,12.0
hm9kirhb,7mq47bdb,hm9kirhb_99X,1,0.0,0.0,0.0,0.0,0.0,12.0,12.0
hm9kirhb,b2nvu05w,hm9kirhb_45P,1,0.0,0.0,0.0,0.0,0.0,12.0,12.0
hm9kirhb,37poojjn,hm9kirhb_52G,1,0.0,0.0,0.0,0.0,0.0,12.0,12.0
hm9kirhb,u4mfzs6d,hm9kirhb_32W,1,0.0,0.0,0.0,0.0,0.0,12.0,12.0
hm9kirhb,mro0bnj2,hm9kirhb_75S,1,0.0,0.0,0.0,0.0,0.0,12.0,12.0
hm9kirhb,s3g7546r,hm9kirhb_54O,1,0.0,0.0,0.0,0.0,0.0,12.0,12.0
hm9kirhb,149s11o4,hm9kirhb_25V,1,0.0,0.0,0.0,0.0,0.0,12.0,12.0
hm9kirhb,tvx0hzbp,hm9kirhb_36F,1,0.0,0.0,0.0,0.0,0.0,12.0,12.0
hm9kirhb,wfvmxqf0,hm9kirhb_18R,1,0.0,0.0,0.0,0.0,0.0,12.0,12.0
hm9kirhb,5zy93j2f,hm9kirhb_05Y,1,0.0,0.0,0.0,0.0,0.0,12.0,12.0
hm9kirhb,mshu8ets,hm9kirhb_10K,1,0.0,0.0,0.0,0.0,0.0,12.0,12.0
hm9kirhb,p4v1waoc,hm9kirhb_73K,1,0.0,0.0,0.0,0.0,0.0,12.0,12.0
hm9kirhb,pdurs35z,hm9kirhb_45O,1,0.0,0.0,0.0,0.0,0.0,12.0,12.0
hm9kirhb,yt3fhg7h,hm9kirhb_41O,1,0.0,0.0,0.0,0.0,0.0,12.0,12.0
ne4pwggz,mm32g1zk,ne4pwggz_13B,1,3.48,0.0,0.0,0.0,3.48,12.0,15.48
ne4pwggz,bsi2dvxw,ne4pwggz_15D,1,3.44,0.01,0.0,0.0,3.45,12.0,15.45
ne4pwggz,4m0gs3c2,ne4pwggz_73L,1,3.31,0.0,0.0,0.0,3.31,12.0,15.31
ne4pwggz,b12l5844,ne4pwggz_26H,1,3.44,0.0,0.0,0.0,3.44,12.0,15.44
ne4pwggz,e7bappu7,ne4pwggz_97S,1,3.49,0.0,0.0,0.0,3.49,12.0,15.49
ne4pwggz,7caoive0,ne4pwggz_81U,1,3.56,0.0,0.0,0.0,3.56,12.0,15.56
ne4pwggz,qrpu29md,ne4pwggz_88D,1,3.36,0.01,0.0,0.0,3.37,12.0,15.37
ne4pwggz,vrgrpwjm,ne4pwggz_62X,1,3.48,0.0,0.0,0.0,3.48,12.0,15.48
ne4pwggz,k0siraqt,ne4pwggz_96E,1,3.41,0.0,0.0,0.0,3.41,12.0,15.41
ne4pwggz,9xip8tyn,ne4pwggz_88M,1,3.44,0.0,0.0,0.0,3.44,12.0,15.44
ne4pwggz,m9q9229c,ne4pwggz_19B,1,3.48,0.0,0.0,0.0,3.48,12.0,15.48
ne4pwggz,6hy4ceg9,ne4pwggz_82P,1,3.34,0.0,0.0,0.0,3.34,12.0,15.34
ne4pwggz,3uankezj,ne4pwggz_81V,1,3.44,0.01,0.0,0.0,3.45,12.0,15.45
ne4pwggz,jknjjbl6,ne4pwggz_71O,1,3.31,0.0,0.0,0.0,3.31,12.0,15.31
ne4pwggz,kbk5fvkm,ne4pwggz_02I,1,3.44,0.0,0.0,0.0,3.44,12.0,15.44
ne4pwggz,8t0fyntv,ne4pwggz_00Y,1,3.52,0.01,0.0,0.0,3.53,12.0,15.53
ne4pwggz,llzr77rw,ne4pwggz_59B,1,3.44,0.0,0.0,0.0,3.44,12.0,15.44
ne4pwggz,va2ib6go,ne4pwggz_63M,1,3.44,0.0,0.0,0.0,3.44,12.0,15.44
ne4pwggz,di6uj258,ne4pwggz_59H,1,3.44,0.0,0.0,0.0,3.44,12.0,15.44
ne4pwggz,ofjb3l8s,ne4pwggz_63J,1,3.57,0.0,0.0,0.0,3.57,12.0,15.57
hrei2bal,aw3sjqtx,hrei2bal_78O,1,3.3,0.0,0.0,0.0,3.3,12.0,15.3
hrei2bal,zyfg1owd,hrei2bal_86R,1,3.52,0.03,0.0,0.0,3.55,12.0,15.55
hrei2bal,cs5svt3k,hrei2bal_87T,1,3.14,0.0,0.0,0.0,3.14,12.0,15.14
hrei2bal,pbj5o6rv,hrei2bal_18U,1,3.24,0.01,0.0,0.0,3.25,12.0,15.25
hrei2bal,5hyz198i,hrei2bal_87U,1,3.39,0.01,0.0,0.0,3.4,12.0,15.4
hrei2bal,2vo7lh4a,hrei2bal_21V,1,3.29,0.01,0.0,0.0,3.3,12.0,15.3
hrei2bal,dots2jdn,hrei2bal_95E,1,3.39,0.0,0.0,0.0,3.39,12.0,15.39
hrei2bal,uy5s2z3w,hrei2bal_99I,1,3.23,0.0,0.0,0.0,3.23,12.0,15.23
hrei2bal,yac7qdrr,hrei2bal_21F,1,3.3,0.0,0.0,0.0,3.3,12.0,15.3
hrei2bal,fgzmyxwz,hrei2bal_52G,1,3.44,0.0,0.0,0.0,3.44,12.0,15.44
hrei2bal,harg922p,hrei2bal_23L,1,3.3,0.0,0.0,0.0,3.3,12.0,15.3
hrei2bal,srgcnutd,hrei2bal_76A,1,3.38,0.0,0.0,0.0,3.38,12.0,15.38
hrei2bal,sf986m35,hrei2bal_55J,1,3.35,0.0,0.0,0.0,3.35,12.0,15.35
hrei2bal,vhtzquja,hrei2bal_45B,1,3.22,0.01,0.0,0.0,3.23,12.0,15.23
hrei2bal,wj5eryzi,hrei2bal_63B,1,2.94,0.01,0.0,0.0,2.95,12.0,14.95
hrei2bal,4ns6zrqe,hrei2bal_29P,1,3.05,0.0,0.0,0.0,3.05,12.0,15.05
hrei2bal,5zotiwts,hrei2bal_78W,1,3.26,0.01,0.0,0.0,3.27,12.0,15.27
hrei2bal,dq8gcz55,hrei2bal_13H,1,3.4,0.0,0.0,0.0,3.4,12.0,15.4
hrei2bal,fqdmfklc,hrei2bal_10B,1,3.3,0.0,0.0,0.0,3.3,12.0,15.3
hrei2bal,0jabbtxb,hrei2bal_28D,1,3.58,0.01,0.0,0.0,3.59,12.0,15.59
lwnwomh2,u62pl884,lwnwomh2_96M,0,0.0,0.0,0.0,0.0,0.0,12.0,12.0
lwnwomh2,pquhgitq,lwnwomh2_96F,0,0.0,0.0,0.0,0.0,0.0,12.0,12.0
lwnwomh2,23cz3koi,lwnwomh2_15T,0,0.0,0.0,0.0,0.0,0.0,12.0,12.0
lwnwomh2,l644gpfb,lwnwomh2_24M,0,0.0,0.0,0.0,0.0,0.0,12.0,12.0
lwnwomh2,28vcq7vx,lwnwomh2_82Z,0,0.0,0.0,0.0,0.0,0.0,12.0,12.0
lwnwomh2,xroqu4wa,lwnwomh2_87Y,0,0.0,0.0,0.0,0.0,0.0,12.0,12.0
lwnwomh2,pryk6ogd,lwnwomh2_83U,0,0.0,0.0,0.0,0.0,0.0,12.0,12.0
lwnwomh2,cshmn31m,lwnwomh2_23P,0,0.0,0.0,0.0,0.0,0.0,12.0,12.0
lwnwomh2,ji001pvc,lwnwomh2_37P,0,0.0,0.0,0.0,0.0,0.0,12.0,12.0
lwnwomh2,za5zfmx0,lwnwomh2_85X,0,0.0,0.0,0.0,0.0,0.0,12.0,12.0
lwnwomh2,o6dj0bds,lwnwomh2_48Q,0,0.0,0.0,0.0,0.0,0.0,12.0,12.0
lwnwomh2,vqn7d8ql,lwnwomh2_56X,0,0.0,0.0,0.0,0.0,0.0,12.0,12.0
lwnwomh2,grv977ja,lwnwomh2_69G,0,0.0,0.0,0.0,0.0,0.0,12.0,12.0
lwnwomh2,cm3152j2,lwnwomh2_93F,0,0.0,0.0,0.0,0.0,0.0,12.0,12.0
lwnwomh2,77rzway6,lwnwomh2_24F,0,0.0,0.0,0.0,0.0,0.0,12.0,12.0
lwnwomh2,xmm5603o,lwnwomh2_09G,0,0.0,0.0,0.0,0.0,0.0,12.0,12.0
lwnwomh2,h67naupv,lwnwomh2_11W,0,0.0,0.0,0.0,0.0,0.0,12.0,12.0
lwnwomh2,rwuaj1ns,lwnwomh2_67P,0,0.0,0.0,0.0,0.0,0.0,12.0,12.0
lwnwomh2,g468sawq,lwnwomh2_45E,0,0.0,0.0,0.0,0.0,0.0,12.0,12.0
lwnwomh2,mn9v2cw3,lwnwomh2_72F,0,0.0,0.0,0.0,0.0,0.0,12.0,12.0
yy9pw5g4,zubq3176,yy9pw5g4_39L,0,0.0,0.0,0.0,0.0,0.0,12.0,12.0
yy9pw5g4,dwpwl416,yy9pw5g4_72M,0,0.0,0.0,0.0,0.0,0.0,12.0,12.0
yy9pw5g4,b05erd8e,yy9pw5g4_30E,0,0.0,0.0,0.0,0.0,0.0,12.0,12.0
yy9pw5g4,bjqhtshm,yy9pw5g4_28V,0,0.0,0.0,0.0,0.0,0.0,12.0,12.0
yy9pw5g4,ilrdhx07,yy9pw5g4_08W,0,0.0,0.0,0.0,0.0,0.0,12.0,12.0
yy9pw5g4,cpkol1v8,yy9pw5g4_95W,0,0.0,0.0,0.0,0.0,0.0,12.0,12.0
yy9pw5g4,5d4rg7v7,yy9pw5g4_28O,0,0.0,0.0,0.0,0.0,0.0,12.0,12.0
yy9pw5g4,k7zi7f86,yy9pw5g4_41I,0,0.0,0.0,0.0,0.0,0.0,12.0,12.0
yy9pw5g4,wewrygt6,yy9pw5g4_08H,0,0.0,0.0,0.0,0.0,0.0,12.0,12.0
yy9pw5g4,xbojgqqi,yy9pw5g4_11Y,0,0.0,0.0,0.0,0.0,0.0,12.0,12.0
yy9pw5g4,1kvcd94v,yy9pw5g4_85Q,0,0.0,0.0,0.0,0.0,0.0,12.0,12.0
yy9pw5g4,ub92m5hl,yy9pw5g4_73G,0,0.0,0.0,0.0,0.0,0.0,12.0,12.0
yy9pw5g4,4hht7c41,yy9pw5g4_59W,0,0.0,0.0,0.0,0.0,0.0,12.0,12.0
yy9pw5g4,4ak27hwf,yy9pw5g4_94O,0,0.0,0.0,0.0,0.0,0.0,12.0,12.0
yy9pw5g4,3mbqao9v,yy9pw5g4_44H,0,0.0,0.0,0.0,0.0,0.0,12.0,12.0
yy9pw5g4,hgzhwrtq,yy9pw5g4_34O,0,0.0,0.0,0.0,0.0,0.0,12.0,12.0
yy9pw5g4,wdqex2ng,yy9pw5g4_00T,0,0.0,0.0,0.0,0.0,0.0,12.0,12.0
yy9pw5g4,3gmlf100,yy9pw5g4_76A,0,0.0,0.0,0.0,0.0,0.0,12.0,12.0
yy9pw5g4,trftx09h,yy9pw5g4_13V,0,0.0,0.0,0.0,0.0,0.0,12.0,12.0
yy9pw5g4,9b1h9lt8,yy9pw5g4_91K,0,0.0,0.0,0.0,0.0,0.0,12.0,12.0
iej4b858,7pryiy8i,iej4b858_14E,1,3.1,0.15,0.0,0.0,3.25,12.0,15.25
iej4b858,54mni6no,iej4b858_08K,1,3.11,0.16,0.0,0.0,3.27,12.0,15.27
iej4b858,ikv8zt8k,iej4b858_79S,1,2.99,0.18,0.0,0.0,3.17,12.0,15.17
iej4b858,iihbh313,iej4b858_49D,1,3.38,0.18,0.0,0.0,3.56,12.0,15.56
iej4b858,vpdv4w0c,iej4b858_10T,1,3.31,0.15,0.0,0.0,3.46,12.0,15.46
iej4b858,4gbrjzuw,iej4b858_89N,1,3.46,0.18,0.0,0.0,3.64,12.0,15.64
iej4b858,1rd2d88w,iej4b858_67K,1,3.35,0.2,0.0,0.0,3.55,12.0,15.55
iej4b858,aiwfrhz3,iej4b858_60G,1,4.39,0.18,0.0,0.0,4.57,12.0,16.57
iej4b858,9gdyarx4,iej4b858_08U,1,3.21,0.18,0.0,0.0,3.39,12.0,15.39
iej4b858,jprbfvao,iej4b858_89B,1,3.18,0.18,0.0,0.0,3.36,12.0,15.36
iej4b858,gucgyw2b,iej4b858_34K,1,3.14,0.15,0.0,0.0,3.29,12.0,15.29
iej4b858,o623gggu,iej4b858_79Q,1,3.27,0.15,0.0,0.0,3.42,12.0,15.42
iej4b858,yuptcsp5,iej4b858_95K,1,3.21,0.18,0.0,0.0,3.39,12.0,15.39
iej4b858,qqh1acw9,iej4b858_49W,1,3.41,0.16,0.0,0.0,3.57,12.0,15.57
iej4b858,nh22uu08,iej4b858_86I,1,3.89,0.16,0.0,0.0,4.05,12.0,16.05
iej4b858,ha7ard01,iej4b858_35L,1,3.64,0.19,0.0,0.0,3.83,12.0,15.83
iej4b858,qvjkc266,iej4b858_12L,1,3.35,0.16,0.0,0.0,3.51,12.0,15.51
iej4b858,2ctk00ae,iej4b858_91N,1,3.19,0.15,0.0,0.0,3.34,12.0,15.34
iej4b858,jcrd8vzj,iej4b858_21Z,1,3.38,0.14,0.0,0.0,3.52,12.0,15.52
iej4b858,5g2o4aa4,iej4b858_68N,1,3.19,0.14,0.0,0.0,3.33,12.0,15.33
u36f2qv3,llg4iwii,u36f2qv3_64A,1,3.31,0.13,0.0,0.0,3.44,12.0,15.44
u36f2qv3,n9qhrd1g,u36f2qv3_74V,1,3.32,0.13,0.0,0.0,3.45,12.0,15.45
u36f2qv3,kgb6atxv,u36f2qv3_22U,1,3.35,0.14,0.0,0.0,3.49,12.0,15.49
u36f2qv3,eb2p6ezj,u36f2qv3_89Y,1,3.34,0.16,0.0,0.0,3.5,12.0,15.5
u36f2qv3,jxiu1da9,u36f2qv3_38A,1,3.37,0.15,0.0,0.0,3.52,12.0,15.52
u36f2qv3,3q4nt20o,u36f2qv3_70S,1,3.38,0.15,0.0,0.0,3.53,12.0,15.53
u36f2qv3,cg7ahbmx,u36f2qv3_85H,1,3.36,0.13,0.0,0.0,3.49,12.0,15.49
u36f2qv3,t54gcz1y,u36f2qv3_78X,1,3.26,0.13,0.0,0.0,3.39,12.0,15.39
u36f2qv3,gzosnrqb,u36f2qv3_45F,1,3.15,0.11,0.0,0.0,3.26,12.0,15.26
u36f2qv3,hu681tsz,u36f2qv3_60K,1,3.33,0.13,0.0,0.0,3.46,12.0,15.46
u36f2qv3,wx7rdo65,u36f2qv3_58T,1,3.42,0.19,0.0,0.0,3.61,12.0,15.61
u36f2qv3,ervq31by,u36f2qv3_75L,1,3.28,0.15,0.0,0.0,3.43,12.0,15.43
u36f2qv3,bjw7hsq3,u36f2qv3_82H,1,3.28,0.13,0.0,0.0,3.41,12.0,15.41
u36f2qv3,7m98jlw3,u36f2qv3_74R,1,3.25,0.14,0.0,0.0,3.39,12.0,15.39
u36f2qv3,v07pazv5,u36f2qv3_30L,1,3.43,0.16,0.0,0.0,3.59,12.0,15.59
u36f2qv3,o5mifhh3,u36f2qv3_65X,1,3.39,0.13,0.0,0.0,3.52,12.0,15.52
u36f2qv3,782ujap7,u36f2qv3_19U,1,3.32,0.1,0.0,0.0,3.42,12.0,15.42
u36f2qv3,4glmsd1o,u36f2qv3_09U,1,3.59,0.11,0.0,0.0,3.7,12.0,15.7
u36f2qv3,wmwb7gxw,u36f2qv3_83A,1,3.16,0.15,0.0,0.0,3.31,12.0,15.31
u36f2qv3,5pxskyly,u36f2qv3_52T,1,3.39,0.14,0.0,0.0,3.53,12.0,15.53
1vpzr064,0ln34kmf,1vpzr064_31Z,1,3.39,0.15,0.0,0.0,3.54,12.0,15.54
1vpzr064,pl7qoxqm,1vpzr064_16E,1,3.2,0.09,0.0,0.0,3.29,12.0,15.29
1vpzr064,y9ak1dd4,1vpzr064_99N,1,3.36,0.14,0.0,0.0,3.5,12.0,15.5
1vpzr064,0zzwzrpl,1vpzr064_33T,1,3.38,0.15,0.0,0.0,3.53,12.0,15.53
1vpzr064,xw2ci1wr,1vpzr064_20J,1,3.1,0.15,0.0,0.0,3.25,12.0,15.25
1vpzr064,x80lgd4n,1vpzr064_02T,1,3.72,0.15,0.0,0.0,3.87,12.0,15.87
1vpzr064,4dr6mfuq,1vpzr064_36Q,1,2.98,0.15,0.0,0.0,3.13,12.0,15.13
1vpzr064,zcdm0u1r,1vpzr064_39G,1,3.26,0.15,0.0,0.0,3.41,12.0,15.41
1vpzr064,hwhugw3j,1vpzr064_05N,1,3.42,0.13,0.0,0.0,3.55,12.0,15.55
1vpzr064,wb0dr8z6,1vpzr064_74T,1,3.45,0.15,0.0,0.0,3.6,12.0,15.6
1vpzr064,huq2ijur,1vpzr064_64G,1,3.44,0.14,0.0,0.0,3.58,12.0,15.58
1vpzr064,pyt4ps6t,1vpzr064_64M,1,3.5,0.14,0.0,0.0,3.64,12.0,15.64
1vpzr064,nb0yc0mg,1vpzr064_27E,1,3.59,0.14,0.0,0.0,3.73,12.0,15.73
1vpzr064,d7kc09i6,1vpzr064_60P,1,3.77,0.14,0.0,0.0,3.91,12.0,15.91
1vpzr064,emdfk3d0,1vpzr064_15G,1,3.34,0.11,0.0,0.0,3.45,12.0,15.45
1vpzr064,mu7grv7f,1vpzr064_13T,1,3.22,0.15,0.0,0.0,3.37,12.0,15.37
1vpzr064,fg0gf50d,1vpzr064_63Y,1,3.32,0.15,0.0,0.0,3.47,12.0,15.47
1vpzr064,3mia7ghl,1vpzr064_27M,1,3.94,0.15,0.0,0.0,4.09,12.0,16.09
1vpzr064,p2de5r4j,1vpzr064_90R,1,3.43,0.11,0.0,0.0,3.54,12.0,15.54
1vpzr064,tbsqbfv6,1vpzr064_53Q,1,3.19,0.15,0.0,0.0,3.34,12.0,15.34
rh51vc2x,gxxdpf5d,rh51vc2x_86S,1,3.38,0.25,0.0,0.0,3.63,12.0,15.63
rh51vc2x,qasdu1rq,rh51vc2x_03U,1,3.47,0.1,0.0,0.0,3.57,12.0,15.57
rh51vc2x,fhtsj9d2,rh51vc2x_47L,1,3.46,0.18,0.0,0.0,3.64,12.0,15.64
rh51vc2x,24095d0a,rh51vc2x_62E,1,3.51,0.16,0.0,0.0,3.67,12.0,15.67
rh51vc2x,2zo6ihl3,rh51vc2x_42B,1,3.42,0.21,0.0,0.0,3.63,12.0,15.63
rh51vc2x,cyk3fo1r,rh51vc2x_46L,1,3.41,0.14,0.0,0.0,3.55,12.0,15.55
rh51vc2x,yc6ug7v3,rh51vc2x_48X,1,3.43,0.14,0.0,0.0,3.57,12.0,15.57
rh51vc2x,l0z3zxbp,rh51vc2x_57G,1,3.42,0.05,0.0,0.0,3.47,12.0,15.47
rh51vc2x,eh3d7y8l,rh51vc2x_08G,1,3.49,0.15,0.0,0.0,3.64,12.0,15.64
rh51vc2x,z1zn3zj8,rh51vc2x_62I,1,3.43,0.15,0.0,0.0,3.58,12.0,15.58
rh51vc2x,68fngddx,rh51vc2x_25P,1,3.47,0.2,0.0,0.0,3.67,12.0,15.67
rh51vc2x,fhl7j9qj,rh51vc2x_09J,1,3.43,0.13,0.0,0.0,3.56,12.0,15.56
rh51vc2x,d31ceali,rh51vc2x_16A,1,3.41,0.05,0.0,0.0,3.46,12.0,15.46
rh51vc2x,qv8sborv,rh51vc2x_97O,1,3.45,0.1,0.0,0.0,3.55,12.0,15.55
rh51vc2x,ujf3r8m4,rh51vc2x_94Z,1,3.43,0.21,0.0,0.0,3.64,12.0,15.64
rh51vc2x,f5bdy28h,rh51vc2x_68O,1,3.41,0.25,0.0,0.0,3.66,12.0,15.66
rh51vc2x,gxfhzz00,rh51vc2x_50P,1,3.42,0.23,0.0,0.0,3.65,12.0,15.65
rh51vc2x,3jx279vs,rh51vc2x_93I,1,3.36,0.15,0.0,0.0,3.51,12.0,15.51
rh51vc2x,1wrxfk2z,rh51vc2x_47Y,1,3.42,0.19,0.0,0.0,3.61,12.0,15.61
rh51vc2x,4wukwmjw,rh51vc2x_25N,1,3.42,0.11,0.0,0.0,3.53,12.0,15.53
o053dd6l,rzyrt6ei,o053dd6l_57T,1,3.19,0.24,0.0,0.0,3.43,12.0,15.43
o053dd6l,7seztak0,o053dd6l_06K,1,3.28,0.11,0.0,0.0,3.39,12.0,15.39
o053dd6l,ig8fx7fu,o053dd6l_45I,1,3.0,0.23,0.0,0.0,3.23,12.0,15.23
o053dd6l,jcivweo3,o053dd6l_90L,1,3.28,0.23,0.0,0.0,3.51,12.0,15.51
o053dd6l,b9p2oyxh,o053dd6l_09A,1,3.4,0.21,0.0,0.0,3.61,12.0,15.61
o053dd6l,1tjvco40,o053dd6l_28K,1,3.26,0.18,0.0,0.0,3.44,12.0,15.44
o053dd6l,e95l1spb,o053dd6l_58Q,1,3.26,0.21,0.0,0.0,3.47,12.0,15.47
o053dd6l,t5qu0vdm,o053dd6l_90R,1,3.23,0.19,0.0,0.0,3.42,12.0,15.42
o053dd6l,digjctv8,o053dd6l_81O,1,3.34,0.25,0.0,0.0,3.59,12.0,15.59
o053dd6l,i6h7902c,o053dd6l_21X,1,3.29,0.11,0.0,0.0,3.4,12.0,15.4
o053dd6l,y4gch5oc,o053dd6l_81B,1,3.11,0.14,0.0,0.0,3.25,12.0,15.25
o053dd6l,hiol39ch,o053dd6l_75U,1,3.02,0.15,0.0,0.0,3.17,12.0,15.17
o053dd6l,gsajvla4,o053dd6l_80R,1,3.44,0.19,0.0,0.0,3.63,12.0,15.63
o053dd6l,j9hawfsy,o053dd6l_28Y,1,3.04,0.23,0.0,0.0,3.27,12.0,15.27
o053dd6l,yyk0ncfn,o053dd6l_54D,1,3.39,0.23,0.0,0.0,3.62,12.0,15.62
o053dd6l,439rv5ox,o053dd6l_81D,1,3.39,0.2,0.0,0.0,3.59,12.0,15.59
o053dd6l,7mzbmu1x,o053dd6l_45F,1,3.22,0.14,0.0,0.0,3.36,12.0,15.36
o053dd6l,jr6c1hyp,o053dd6l_93H,1,3.31,0.23,0.0,0.0,3.54,12.0,15.54
o053dd6l,pqtuzmqu,o053dd6l_21O,1,3.29,0.23,0.0,0.0,3.52,12.0,15.52
o053dd6l,bv1iel1u,o053dd6l_15P,1,3.43,0.18,0.0,0.0,3.61,12.0,15.61
strhps7i,53ev7bla,strhps7i_66J,1,3.37,0.24,0.0,0.0,3.61,12.0,15.61
strhps7i,xzdsb21x,strhps7i_70Y,1,3.34,0.11,0.0,0.0,3.45,12.0,15.45
strhps7i,zwg42h84,strhps7i_93R,1,3.32,0.14,0.0,0.0,3.46,12.0,15.46
strhps7i,9dfxxohp,strhps7i_23Z,1,3.44,0.21,0.0,0.0,3.65,12.0,15.65
strhps7i,9qlv4dmh,strhps7i_45D,1,3.31,0.25,0.0,0.0,3.56,12.0,15.56
strhps7i,8y57dr0o,strhps7i_62Y,1,3.25,0.23,0.0,0.0,3.48,12.0,15.48
strhps7i,vyo8nb3v,strhps7i_66Q,1,3.14,0.25,0.0,0.0,3.39,12.0,15.39
strhps7i,nbrztqtk,strhps7i_63N,1,3.42,0.16,0.0,0.0,3.58,12.0,15.58
strhps7i,o9apatfx,strhps7i_26Z,1,3.23,0.09,0.0,0.0,3.32,12.0,15.32
strhps7i,0n24t3pq,strhps7i_69W,1,3.43,0.2,0.0,0.0,3.63,12.0,15.63
strhps7i,0oeqccwy,strhps7i_69Z,1,3.38,0.16,0.0,0.0,3.54,12.0,15.54
strhps7i,m0sxhiae,strhps7i_69G,1,3.4,0.25,0.0,0.0,3.65,12.0,15.65
strhps7i,9gfdkh24,strhps7i_02K,1,3.4,0.23,0.0,0.0,3.63,12.0,15.63
strhps7i,arqn8mzy,strhps7i_55P,1,3.2,0.19,0.0,0.0,3.39,12.0,15.39
strhps7i,fvitq22f,strhps7i_30H,1,3.33,0.07,0.0,0.0,3.4,12.0,15.4
strhps7i,y72u0pj6,strhps7i_40W,1,3.39,0.16,0.0,0.0,3.55,12.0,15.55
strhps7i,cotoylyf,strhps7i_82Y,1,3.3,0.19,0.0,0.0,3.49,12.0,15.49
strhps7i,pfeta19l,strhps7i_35H,1,3.39,0.11,0.0,0.0,3.5,12.0,15.5
strhps7i,p0yk04lv,strhps7i_31A,1,3.3,0.15,0.0,0.0,3.45,12.0,15.45
strhps7i,a3hfa1e1,strhps7i_86T,1,3.44,0.23,0.0,0.0,3.67,12.0,15.67
k5fe3pel,8f6u06xj,k5fe3pel_94W,1,3.34,0.0,0.0,0.0,3.34,12.0,15.34
k5fe3pel,4j0t9cgl,k5fe3pel_41G,1,3.34,0.0,0.0,0.0,3.34,12.0,15.34
k5fe3pel,964a8fqv,k5fe3pel_65A,1,3.34,0.0,0.0,0.0,3.34,12.0,15.34
k5fe3pel,4azy2yoh,k5fe3pel_48N,1,3.34,0.0,0.0,0.0,3.34,12.0,15.34
k5fe3pel,40apjpy6,k5fe3pel_70Q,1,3.34,0.0,0.0,0.0,3.34,12.0,15.34
k5fe3pel,m47zxhef,k5fe3pel_85H,1,3.34,0.0,0.0,0.0,3.34,12.0,15.34
k5fe3pel,eel9yej5,k5fe3pel_32Q,1,3.34,0.0,0.0,0.0,3.34,12.0,15.34
k5fe3pel,3o7ubreu,k5fe3pel_61X,1,3.34,0.0,0.0,0.0,3.34,12.0,15.34
k5fe3pel,b0799vow,k5fe3pel_15N,1,3.34,0.0,0.0,0.0,3.34,12.0,15.34
k5fe3pel,aqm8d8aa,k5fe3pel_01V,1,3.34,0.0,0.0,0.0,3.34,12.0,15.34
k5fe3pel,vu4fttgl,k5fe3pel_19A,1,3.34,0.0,0.0,0.0,3.34,12.0,15.34
k5fe3pel,fe9u00d2,k5fe3pel_90N,1,3.34,0.0,0.0,0.0,3.34,12.0,15.34
k5fe3pel,pltlhghh,k5fe3pel_88O,1,3.34,0.0,0.0,0.0,3.34,12.0,15.34
k5fe3pel,q3h7zip9,k5fe3pel_46Z,1,3.34,0.0,0.0,0.0,3.34,12.0,15.34
k5fe3pel,s39roj8o,k5fe3pel_47C,1,3.34,0.0,0.0,0.0,3.34,12.0,15.34
k5fe3pel,q44hnjrv,k5fe3pel_59J,1,3.34,0.0,0.0,0.0,3.34,12.0,15.34
k5fe3pel,6kbox79b,k5fe3pel_82G,1,3.34,0.0,0.0,0.0,3.34,12.0,15.34
k5fe3pel,ul5dyyxh,k5fe3pel_60Y,1,3.34,0.0,0.0,0.0,3.34,12.0,15.34
k5fe3pel,7ddg3ts5,k5fe3pel_14T,1,3.34,0.0,0.0,0.0,3.34,12.0,15.34
k5fe3pel,z4s4v0sy,k5fe3pel_88A,1,3.34,0.0,0.0,0.0,3.34,12.0,15.34
fsx0h5fb,tjve4qn3,fsx0h5fb_21I,1,3.37,0.0,0.0,0.0,3.37,12.0,15.37
fsx0h5fb,u7y0rcx9,fsx0h5fb_30G,1,3.37,0.0,0.0,0.0,3.37,12.0,15.37
fsx0h5fb,ciqfxpbw,fsx0h5fb_46U,1,3.37,0.0,0.0,0.0,3.37,12.0,15.37
fsx0h5fb,5qh9u4e8,fsx0h5fb_66O,1,3.37,0.0,0.0,0.0,3.37,12.0,15.37
fsx0h5fb,57ew6d25,fsx0h5fb_40L,1,3.37,0.0,0.0,0.0,3.37,12.0,15.37
fsx0h5fb,jsaymdgh,fsx0h5fb_13D,1,3.37,0.0,0.0,0.0,3.37,12.0,15.37
fsx0h5fb,ud04gq11,fsx0h5fb_99F,1,3.37,0.0,0.0,0.0,3.37,12.0,15.37
fsx0h5fb,fyrbcjsq,fsx0h5fb_87M,1,3.37,0.0,0.0,0.0,3.37,12.0,15.37
fsx0h5fb,ywofypp2,fsx0h5fb_62V,1,3.37,0.0,0.0,0.0,3.37,12.0,15.37
fsx0h5fb,acrqgjvr,fsx0h5fb_23A,1,3.37,0.0,0.0,0.0,3.37,12.0,15.37
fsx0h5fb,ztm3ebih,fsx0h5fb_72B,1,3.37,0.0,0.0,0.0,3.37,12.0,15.37
fsx0h5fb,snc0qhan,fsx0h5fb_09K,1,3.37,0.0,0.0,0.0,3.37,12.0,15.37
fsx0h5fb,zl4cb83b,fsx0h5fb_47D,1,3.37,0.0,0.0,0.0,3.37,12.0,15.37
fsx0h5fb,kebpjuoe,fsx0h5fb_98K,1,3.37,0.0,0.0,0.0,3.37,12.0,15.37
fsx0h5fb,zyisa6ij,fsx0h5fb_32B,1,3.37,0.0,0.0,0.0,3.37,12.0,15.37
fsx0h5fb,230ke9m9,fsx0h5fb_42T,1,3.37,0.0,0.0,0.0,3.37,12.0,15.37
fsx0h5fb,f3yp58jx,fsx0h5fb_99O,1,3.37,0.0,0.0,0.0,3.37,12.0,15.37
fsx0h5fb,2ksrt00v,fsx0h5fb_12L,1,3.37,0.0,0.0,0.0,3.37,12.0,15.37
fsx0h5fb,iethlu9q,fsx0h5fb_84Y,1,3.37,0.0,0.0,0.0,3.37,12.0,15.37
fsx0h5fb,ooqq7omg,fsx0h5fb_99T,1,3.37,0.0,0.0,0.0,3.37,12.0,15.37
2d2ckysg,23n42yz9,2d2ckysg_38B,1,3.32,0.0,0.0,0.0,3.32,12.0,15.32
2d2ckysg,7kucdex3,2d2ckysg_84F,1,3.32,0.0,0.0,0.0,3.32,12.0,15.32
2d2ckysg,6nnx308f,2d2ckysg_25E,1,3.32,0.0,0.0,0.0,3.32,12.0,15.32
2d2ckysg,tnn7gn17,2d2ckysg_25N,1,3.32,0.0,0.0,0.0,3.32,12.0,15.32
2d2ckysg,12mxoe6g,2d2ckysg_30A,1,3.32,0.0,0.0,0.0,3.32,12.0,15.32
2d2ckysg,bv4aejyj,2d2ckysg_63G,1,3.32,0.0,0.0,0.0,3.32,12.0,15.32
2d2ckysg,gay6uca3,2d2ckysg_63M,1,3.32,0.0,0.0,0.0,3.32,12.0,15.32
2d2ckysg,xiwr050c,2d2ckysg_72S,1,3.32,0.0,0.0,0.0,3.32,12.0,15.32
2d2ckysg,qze2nhuw,2d2ckysg_84Z,1,3.32,0.0,0.0,0.0,3.32,12.0,15.32
2d2ckysg,rcsdgzav,2d2ckysg_00V,1,3.32,0.0,0.0,0.0,3.32,12.0,15.32
2d2ckysg,w7mnz1kv,2d2ckysg_98G,1,3.32,0.0,0.0,0.0,3.32,12.0,15.32
2d2ckysg,16vcniu7,2d2ckysg_66C,1,3.32,0.0,0.0,0.0,3.32,12.0,15.32
2d2ckysg,kyf61n8o,2d2ckysg_97Q,1,3.32,0.0,0.0,0.0,3.32,12.0,15.32
2d2ckysg,c2nq29yp,2d2ckysg_91N,1,3.32,0.0,0.0,0.0,3.32,12.0,15.32
2d2ckysg,i79vw09k,2d2ckysg_90Z,1,3.32,0.0,0.0,0.0,3.32,12.0,15.32
2d2ckysg,d6rqbs6r,2d2ckysg_12S,1,3.32,0.0,0.0,0.0,3.32,12.0,15.32
2d2ckysg,q07yq3ti,2d2ckysg_06T,1,3.32,0.0,0.0,0.0,3.32,12.0,15.32
2d2ckysg,csk7p8or,2d2ckysg_99E,1,3.32,0.0,0.0,0.0,3.32,12.0,15.32
2d2ckysg,vqxky4qs,2d2ckysg_55N,1,3.32,0.0,0.0,0.0,3.32,12.0,15.32
2d2ckysg,3kb7zm8b,2d2ckysg_37D,1,3.32,0.0,0.0,0.0,3.32,12.0,15.32
newmfpwu,sja7g68l,newmfpwu_67W,1,3.56,0.06,0.0,0.0,3.62,12.0,15.62
newmfpwu,qeco8zfa,newmfpwu_53X,1,3.47,0.07,0.0,0.0,3.54,12.0,15.54
newmfpwu,9zj7uux6,newmfpwu_35W,1,3.63,0.09,0.0,0.0,3.72,12.0,15.72
newmfpwu,nrv5aaw1,newmfpwu_36M,1,3.46,0.03,0.0,0.0,3.49,12.0,15.49
newmfpwu,4r3a2y9p,newmfpwu_07B,1,3.33,0.1,0.0,0.0,3.43,12.0,15.43
newmfpwu,d26aq8bk,newmfpwu_85A,1,3.28,0.06,0.0,0.0,3.34,12.0,15.34
newmfpwu,o0ksp59o,newmfpwu_90Z,1,3.43,0.04,0.0,0.0,3.47,12.0,15.47
newmfpwu,we9nzi4c,newmfpwu_52W,1,3.16,0.06,0.0,0.0,3.22,12.0,15.22
newmfpwu,j5blbvue,newmfpwu_38B,1,2.73,0.06,0.0,0.0,2.79,12.0,14.79
newmfpwu,yaardztc,newmfpwu_09Y,1,3.84,0.1,0.0,0.0,3.94,12.0,15.94
newmfpwu,cce8euw9,newmfpwu_65V,1,2.94,0.06,0.0,0.0,3.0,12.0,15.0
newmfpwu,a8iryq2p,newmfpwu_55O,1,3.58,0.05,0.0,0.0,3.63,12.0,15.63
newmfpwu,9c1lqzqe,newmfpwu_88C,1,3.32,0.07,0.0,0.0,3.39,12.0,15.39
newmfpwu,vgj7cnt9,newmfpwu_20K,1,3.29,0.09,0.0,0.0,3.38,12.0,15.38
newmfpwu,dgcref1v,newmfpwu_22Q,1,4.52,0.05,0.0,0.0,4.57,12.0,16.57
newmfpwu,2cuq2phv,newmfpwu_63P,1,3.64,0.11,0.0,0.0,3.75,12.0,15.75
newmfpwu,kqd0x2k4,newmfpwu_77Z,1,3.54,0.06,0.0,0.0,3.6,12.0,15.6
newmfpwu,5swtlgg8,newmfpwu_18N,1,3.5,0.07,0.0,0.0,3.57,12.0,15.57
newmfpwu,hxm4t62t,newmfpwu_91U,1,3.98,0.11,0.0,0.0,4.09,12.0,16.09
newmfpwu,8brnxnoe,newmfpwu_90N,1,3.02,0.05,0.0,0.0,3.07,12.0,15.07
qovurr4n,0grw4oxw,qovurr4n_89O,1,3.72,0.18,0.0,0.0,3.9,12.0,15.9
qovurr4n,m7su1pkc,qovurr4n_99B,1,3.5,0.25,0.0,0.0,3.75,12.0,15.75
qovurr4n,xe753oeg,qovurr4n_50F,1,3.51,0.2,0.0,0.0,3.71,12.0,15.71
qovurr4n,t3odepae,qovurr4n_76J,1,3.49,0.25,0.0,0.0,3.74,12.0,15.74
qovurr4n,3ta7qi1b,qovurr4n_92N,1,3.54,0.18,0.0,0.0,3.72,12.0,15.72
qovurr4n,81y45gwj,qovurr4n_88V,1,3.51,0.16,0.0,0.0,3.67,12.0,15.67
qovurr4n,cv2o1vp5,qovurr4n_49H,1,3.48,0.19,0.0,0.0,3.67,12.0,15.67
qovurr4n,enc16bgy,qovurr4n_19M,1,3.47,0.09,0.0,0.0,3.56,12.0,15.56
qovurr4n,ufrgkhu3,qovurr4n_54X,1,3.63,0.24,0.0,0.0,3.87,12.0,15.87
qovurr4n,h5hx1xyn,qovurr4n_29H,1,3.49,0.1,0.0,0.0,3.59,12.0,15.59
qovurr4n,26vqzhxp,qovurr4n_33G,1,3.53,0.21,0.0,0.0,3.74,12.0,15.74
qovurr4n,bbcy493l,qovurr4n_37L,1,3.48,0.24,0.0,0.0,3.72,12.0,15.72
qovurr4n,6fuwp15z,qovurr4n_18Z,1,3.47,0.24,0.0,0.0,3.71,12.0,15.71
qovurr4n,xraxkj4s,qovurr4n_07D,1,3.5,0.19,0.0,0.0,3.69,12.0,15.69
qovurr4n,ekpyt141,qovurr4n_38O,1,3.49,0.18,0.0,0.0,3.67,12.0,15.67
qovurr4n,udop487g,qovurr4n_07V,1,3.49,0.18,0.0,0.0,3.67,12.0,15.67
qovurr4n,o48zipc9,qovurr4n_16K,1,3.49,0.25,0.0,0.0,3.74,12.0,15.74
qovurr4n,bhob32nl,qovurr4n_55K,1,3.7,0.23,0.0,0.0,3.93,12.0,15.93
qovurr4n,kjrb9gwn,qovurr4n_28L,1,3.54,0.13,0.0,0.0,3.67,12.0,15.67
qovurr4n,dz670vmt,qovurr4n_87C,1,3.53,0.25,0.0,0.0,3.78,12.0,15.78
v75bhhk5,aa6uxtg8,v75bhhk5_54X,1,3.01,0.14,0.0,0.0,3.15,12.0,15.15
v75bhhk5,u3p1sl6o,v75bhhk5_05B,1,3.4,0.21,0.0,0.0,3.61,12.0,15.61
v75bhhk5,x2kcl4cl,v75bhhk5_69W,1,3.51,0.13,0.0,0.0,3.64,12.0,15.64
v75bhhk5,je751z6y,v75bhhk5_82I,1,3.42,0.13,0.0,0.0,3.55,12.0,15.55
v75bhhk5,llldcuv6,v75bhhk5_73J,1,3.39,0.15,0.0,0.0,3.54,12.0,15.54
v75bhhk5,a7f7nind,v75bhhk5_98K,1,3.48,0.25,0.0,0.0,3.73,12.0,15.73
v75bhhk5,7xhx2d4c,v75bhhk5_17U,1,3.4,0.14,0.0,0.0,3.54,12.0,15.54
v75bhhk5,iq4obgys,v75bhhk5_07S,1,3.0,0.13,0.0,0.0,3.13,12.0,15.13
v75bhhk5,tz3bjina,v75bhhk5_08C,1,3.28,0.11,0.0,0.0,3.39,12.0,15.39
v75bhhk5,x2cmjfv1,v75bhhk5_99H,1,3.24,0.21,0.0,0.0,3.45,12.0,15.45
v75bhhk5,cdgeh8d2,v75bhhk5_75Z,1,3.19,0.09,0.0,0.0,3.28,12.0,15.28
v75bhhk5,kwtebbha,v75bhhk5_63P,1,3.33,0.13,0.0,0.0,3.46,12.0,15.46
v75bhhk5,wiu5wwxv,v75bhhk5_75V,1,3.3,0.18,0.0,0.0,3.48,12.0,15.48
v75bhhk5,dhcacvnn,v75bhhk5_16L,1,3.61,0.15,0.0,0.0,3.76,12.0,15.76
v75bhhk5,fahj3fl6,v75bhhk5_07K,1,3.24,0.13,0.0,0.0,3.37,12.0,15.37
v75bhhk5,si0dj3p1,v75bhhk5_66S,1,3.22,0.11,0.0,0.0,3.33,12.0,15.33
v75bhhk5,j1oewp2a,v75bhhk5_25I,1,3.5,0.15,0.0,0.0,3.65,12.0,15.65
v75bhhk5,6428a3wm,v75bhhk5_10O,1,3.35,0.18,0.0,0.0,3.53,12.0,15.53
v75bhhk5,79o2f0pf,v75bhhk5_47O,1,3.47,0.06,0.0,0.0,3.53,12.0,15.53
v75bhhk5,41vx9o1e,v75bhhk5_50Q,1,3.47,0.15,0.0,0.0,3.62,12.0,15.62
hd5e6kig,1fybdpfs,hd5e6kig_49G,1,3.44,0.0,0.0,0.0,3.44,12.0,15.44
hd5e6kig,dgs3y4z2,hd5e6kig_69B,1,3.44,0.0,0.0,0.0,3.44,12.0,15.44
hd5e6kig,iupzaaea,hd5e6kig_90F,1,3.3,0.19,0.0,0.0,3.49,12.0,15.49
hd5e6kig,daly6lvy,hd5e6kig_57W,1,3.44,0.0,0.0,0.0,3.44,12.0,15.44
hd5e6kig,pmu4l6zi,hd5e6kig_56S,1,3.53,0.16,0.0,0.0,3.69,12.0,15.69
hd5e6kig,guvqix68,hd5e6kig_85G,1,3.44,0.0,0.0,0.0,3.44,12.0,15.44
hd5e6kig,iiudephb,hd5e6kig_48B,1,3.41,0.14,0.0,0.0,3.55,12.0,15.55
hd5e6kig,7j0l8i0c,hd5e6kig_22I,1,3.52,0.16,0.0,0.0,3.68,12.0,15.68
hd5e6kig,y5nsr5w3,hd5e6kig_14O,1,3.24,0.21,0.0,0.0,3.45,12.0,15.45
hd5e6kig,xcw4oqkg,hd5e6kig_19D,1,3.52,0.18,0.0,0.0,3.7,12.0,15.7
hd5e6kig,ob2oucuz,hd5e6kig_33L,1,3.5,0.19,0.0,0.0,3.69,12.0,15.69
hd5e6kig,u2nftlsf,hd5e6kig_92N,1,3.53,0.18,0.0,0.0,3.71,12.0,15.71
hd5e6kig,vnh726mk,hd5e6kig_62T,1,3.44,0.0,0.0,0.0,3.44,12.0,15.44
hd5e6kig,zi5n8alh,hd5e6kig_74Y,1,3.56,0.18,0.0,0.0,3.74,12.0,15.74
hd5e6kig,xmof18mv,hd5e6kig_76B,1,3.48,0.16,0.0,0.0,3.64,12.0,15.64
hd5e6kig,qvqn6tbg,hd5e6kig_33F,1,3.44,0.0,0.0,0.0,3.44,12.0,15.44
hd5e6kig,azz1vopo,hd5e6kig_83V,1,3.56,0.14,0.0,0.0,3.7,12.0,15.7
hd5e6kig,hmgsszij,hd5e6kig_33U,1,3.04,0.18,0.0,0.0,3.22,12.0,15.22
hd5e6kig,qiz12o6y,hd5e6kig_01R,1,3.51,0.18,0.0,0.0,3.69,12.0,15.69
hd5e6kig,gxpvpgqp,hd5e6kig_17P,1,3.44,0.0,0.0,0.0,3.44,12.0,15.44
7q3yvb8o,wc8i2a3c,7q3yvb8o_89V,1,3.34,0.0,0.0,0.0,3.34,12.0,15.34
7q3yvb8o,5kydoetb,7q3yvb8o_69V,1,3.34,0.0,0.0,0.0,3.34,12.0,15.34
7q3yvb8o,fu4oov75,7q3yvb8o_82C,1,3.34,0.0,0.0,0.0,3.34,12.0,15.34
7q3yvb8o,tta1ny4c,7q3yvb8o_49L,1,3.31,0.15,0.0,0.0,3.46,12.0,15.46
7q3yvb8o,98cmf6tc,7q3yvb8o_68O,1,3.31,0.2,0.0,0.0,3.51,12.0,15.51
7q3yvb8o,8rgkg7pj,7q3yvb8o_96G,1,3.34,0.0,0.0,0.0,3.34,12.0,15.34
7q3yvb8o,ifdftrt2,7q3yvb8o_61P,1,3.34,0.0,0.0,0.0,3.34,12.0,15.34
7q3yvb8o,u8wow51s,7q3yvb8o_86N,1,3.34,0.0,0.0,0.0,3.34,12.0,15.34
7q3yvb8o,cqftx3nb,7q3yvb8o_00W,1,3.39,0.23,0.0,0.0,3.62,12.0,15.62
7q3yvb8o,svdmoo89,7q3yvb8o_94S,1,3.35,0.21,0.0,0.0,3.56,12.0,15.56
7q3yvb8o,24xm6s6r,7q3yvb8o_75Q,1,3.39,0.21,0.0,0.0,3.6,12.0,15.6
7q3yvb8o,op90ch01,7q3yvb8o_21R,1,3.34,0.0,0.0,0.0,3.34,12.0,15.34
7q3yvb8o,7t52v3gl,7q3yvb8o_29U,1,3.34,0.0,0.0,0.0,3.34,12.0,15.34
7q3yvb8o,3ugu3qyd,7q3yvb8o_54U,1,3.34,0.0,0.0,0.0,3.34,12.0,15.34
7q3yvb8o,lzl2g9zb,7q3yvb8o_45G,1,3.33,0.2,0.0,0.0,3.53,12.0,15.53
7q3yvb8o,zjbtyrgg,7q3yvb8o_95Y,1,3.34,0.0,0.0,0.0,3.34,12.0,15.34
7q3yvb8o,cvkm8hmx,7q3yvb8o_32F,1,3.34,0.0,0.0,0.0,3.34,12.0,15.34
7q3yvb8o,8sfvdb63,7q3yvb8o_43Q,1,3.34,0.23,0.0,0.0,3.57,12.0,15.57
7q3yvb8o,xy0qt0te,7q3yvb8o_42F,1,3.34,0.0,0.0,0.0,3.34,12.0,15.34
7q3yvb8o,plfebkmm,7q3yvb8o_04N,1,3.34,0.0,0.0,0.0,3.34,12.0,15.34
czji0zow,x89xn7l7,czji0zow_00O,1,3.4,0.0,0.0,0.0,3.4,12.0,15.4
czji0zow,86ybyyrl,czji0zow_87R,1,3.4,0.0,0.0,0.0,3.4,12.0,15.4
czji0zow,3wi7uvrl,czji0zow_76W,1,3.4,0.0,0.0,0.0,3.4,12.0,15.4
czji0zow,ven6xoi8,czji0zow_42Y,1,3.4,0.0,0.0,0.0,3.4,12.0,15.4
czji0zow,7plym7nr,czji0zow_14F,1,3.4,0.0,0.0,0.0,3.4,12.0,15.4
czji0zow,bcdpk3aw,czji0zow_80D,1,3.4,0.0,0.0,0.0,3.4,12.0,15.4
czji0zow,hsgx39fz,czji0zow_18G,1,3.4,0.0,0.0,0.0,3.4,12.0,15.4
czji0zow,2xz3vyjk,czji0zow_27P,1,3.4,0.0,0.0,0.0,3.4,12.0,15.4
czji0zow,gl2psbbv,czji0zow_95G,1,3.4,0.0,0.0,0.0,3.4,12.0,15.4
czji0zow,fnjcdos2,czji0zow_93Q,1,3.4,0.0,0.0,0.0,3.4,12.0,15.4
czji0zow,hkydt3g6,czji0zow_72N,1,3.4,0.0,0.0,0.0,3.4,12.0,15.4
czji0zow,y2aprulu,czji0zow_88I,1,3.4,0.0,0.0,0.0,3.4,12.0,15.4
czji0zow,tqqayf60,czji0zow_13B,1,3.4,0.0,0.0,0.0,3.4,12.0,15.4
czji0zow,5hmh8uhr,czji0zow_99X,1,3.4,0.0,0.0,0.0,3.4,12.0,15.4
czji0zow,sxbrsegm,czji0zow_96G,1,3.4,0.0,0.0,0.0,3.4,12.0,15.4
czji0zow,d65vlhif,czji0zow_52D,1,3.4,0.0,0.0,0.0,3.4,12.0,15.4
czji0zow,jgsjv0tw,czji0zow_08A,1,3.4,0.0,0.0,0.0,3.4,12.0,15.4
czji0zow,jicl5c82,czji0zow_30P,1,3.4,0.0,0.0,0.0,3.4,12.0,15.4
czji0zow,0ab5f91e,czji0zow_19R,1,3.4,0.0,0.0,0.0,3.4,12.0,15.4
czji0zow,ucmvd1lx,czji0zow_04U,1,3.4,0.0,0.0,0.0,3.4,12.0,15.4
277kl2ox,lwgm0vly,277kl2ox_86R,1,0.0,0.0,0.0,0.0,0.0,12.0,12.0
277kl2ox,kfnhanlh,277kl2ox_88Q,1,0.0,0.0,0.0,0.0,0.0,12.0,12.0
277kl2ox,9xxeaz2k,277kl2ox_30Q,1,0.0,0.0,0.0,0.0,0.0,12.0,12.0
277kl2ox,z96pf7ln,277kl2ox_86F,1,0.0,0.0,0.0,0.0,0.0,12.0,12.0
277kl2ox,osjx47cc,277kl2ox_57O,1,0.0,0.0,0.0,0.0,0.0,12.0,12.0
277kl2ox,cycx51i2,277kl2ox_20M,1,0.0,0.0,0.0,0.0,0.0,12.0,12.0
277kl2ox,bukjwik8,277kl2ox_12C,1,0.0,0.0,0.0,0.0,0.0,12.0,12.0
277kl2ox,r2wmhwsa,277kl2ox_08X,1,0.0,0.0,0.0,0.0,0.0,12.0,12.0
277kl2ox,dhedn9yx,277kl2ox_65U,1,0.0,0.0,0.0,0.0,0.0,12.0,12.0
277kl2ox,toqeb7pc,277kl2ox_42V,1,0.0,0.0,0.0,0.0,0.0,12.0,12.0
277kl2ox,upajzftq,277kl2ox_05C,1,0.0,0.0,0.0,0.0,0.0,12.0,12.0
277kl2ox,lpk3n3t4,277kl2ox_94H,1,0.0,0.0,0.0,0.0,0.0,12.0,12.0
277kl2ox,h3yb9unv,277kl2ox_25K,1,0.0,0.0,0.0,0.0,0.0,12.0,12.0
277kl2ox,xxvlgfwm,277kl2ox_06Y,1,0.0,0.0,0.0,0.0,0.0,12.0,12.0
277kl2ox,n89c0q9o,277kl2ox_81J,1,0.0,0.0,0.0,0.0,0.0,12.0,12.0
277kl2ox,qen44uqb,277kl2ox_88B,1,0.0,0.0,0.0,0.0,0.0,12.0,12.0
277kl2ox,44nx53dk,277kl2ox_61L,1,0.0,0.0,0.0,0.0,0.0,12.0,12.0
277kl2ox,cbg7plpc,277kl2ox_73W,1,0.0,0.0,0.0,0.0,0.0,12.0,12.0
277kl2ox,fjvzv4xu,277kl2ox_32D,1,0.0,0.0,0.0,0.0,0.0,12.0,12.0
277kl2ox,yx57y5jg,277kl2ox_44P,1,0.0,0.0,0.0,0.0,0.0,12.0,12.0
8l7rnwu8,f2rsmxlp,8l7rnwu8_81O,1,3.51,0.18,0.0,0.0,3.69,12.0,15.69
8l7rnwu8,6y84hrtg,8l7rnwu8_12J,1,3.32,0.18,0.0,0.0,3.5,12.0,15.5
8l7rnwu8,ixtpgevm,8l7rnwu8_32Y,1,3.51,0.18,0.0,0.0,3.69,12.0,15.69
8l7rnwu8,688dogi6,8l7rnwu8_78P,1,3.35,0.14,0.0,0.0,3.49,12.0,15.49
8l7rnwu8,xhotitbq,8l7rnwu8_01T,1,3.39,0.16,0.0,0.0,3.55,12.0,15.55
8l7rnwu8,5hm8xvme,8l7rnwu8_96B,1,3.51,0.2,0.0,0.0,3.71,12.0,15.71
8l7rnwu8,wx4yoyrc,8l7rnwu8_47M,1,3.51,0.15,0.0,0.0,3.66,12.0,15.66
8l7rnwu8,bvabhq56,8l7rnwu8_92F,1,3.47,0.15,0.0,0.0,3.62,12.0,15.62
8l7rnwu8,3a9bnbjf,8l7rnwu8_49B,1,3.56,0.2,0.0,0.0,3.76,12.0,15.76
8l7rnwu8,825d9v58,8l7rnwu8_71L,1,3.44,0.13,0.0,0.0,3.57,12.0,15.57
8l7rnwu8,eyw3e6sj,8l7rnwu8_04L,1,3.45,0.18,0.0,0.0,3.63,12.0,15.63
8l7rnwu8,jg99ope5,8l7rnwu8_89Q,1,3.47,0.14,0.0,0.0,3.61,12.0,15.61
8l7rnwu8,5vjje2hc,8l7rnwu8_04O,1,3.48,0.15,0.0,0.0,3.63,12.0,15.63
8l7rnwu8,noonu5s8,8l7rnwu8_30G,1,3.54,0.16,0.0,0.0,3.7,12.0,15.7
8l7rnwu8,s8w9mtjx,8l7rnwu8_43B,1,3.55,0.18,0.0,0.0,3.73,12.0,15.73
8l7rnwu8,a5ux7vph,8l7rnwu8_12Y,1,3.61,0.19,0.0,0.0,3.8,12.0,15.8
8l7rnwu8,na0zsiwt,8l7rnwu8_71F,1,3.51,0.18,0.0,0.0,3.69,12.0,15.69
8l7rnwu8,l4t4lwlm,8l7rnwu8_26P,1,3.43,0.18,0.0,0.0,3.61,12.0,15.61
8l7rnwu8,4ia3f8k6,8l7rnwu8_52M,1,3.48,0.18,0.0,0.0,3.66,12.0,15.66
8l7rnwu8,lclrlcb4,8l7rnwu8_29O,1,3.32,0.16,0.0,0.0,3.48,12.0,15.48
0ry2mwqc,alzvsttl,0ry2mwqc_95C,1,3.32,0.25,0.0,0.0,3.57,12.0,15.57
0ry2mwqc,ckb8z13g,0ry2mwqc_84P,1,3.44,0.25,0.0,0.0,3.69,12.0,15.69
0ry2mwqc,v2go23v3,0ry2mwqc_09M,1,3.42,0.25,0.0,0.0,3.67,12.0,15.67
0ry2mwqc,8fm9ab39,0ry2mwqc_84I,1,3.44,0.24,0.0,0.0,3.68,12.0,15.68
0ry2mwqc,9ninylaw,0ry2mwqc_22U,1,3.47,0.21,0.0,0.0,3.68,12.0,15.68
0ry2mwqc,41ihmnfb,0ry2mwqc_96S,1,3.38,0.25,0.0,0.0,3.63,12.0,15.63
0ry2mwqc,2woelkoy,0ry2mwqc_03T,1,3.43,0.25,0.0,0.0,3.68,12.0,15.68
0ry2mwqc,igcecwh7,0ry2mwqc_21M,1,3.45,0.25,0.0,0.0,3.7,12.0,15.7
0ry2mwqc,cfz55odj,0ry2mwqc_51E,1,3.44,0.25,0.0,0.0,3.69,12.0,15.69
0ry2mwqc,k88pcb0f,0ry2mwqc_74J,1,3.44,0.14,0.0,0.0,3.58,12.0,15.58
0ry2mwqc,0edjry38,0ry2mwqc_72X,1,3.34,0.13,0.0,0.0,3.47,12.0,15.47
0ry2mwqc,ydnyvaa4,0ry2mwqc_62D,1,3.29,0.13,0.0,0.0,3.42,12.0,15.42
0ry2mwqc,sxv27ohz,0ry2mwqc_21H,1,3.51,0.25,0.0,0.0,3.76,12.0,15.76
0ry2mwqc,o4mk20fm,0ry2mwqc_19T,1,3.16,0.1,0.0,0.0,3.26,12.0,15.26
0ry2mwqc,snimy46y,0ry2mwqc_07O,1,3.5,0.25,0.0,0.0,3.75,12.0,15.75
0ry2mwqc,ray4monl,0ry2mwqc_77V,1,3.21,0.09,0.0,0.0,3.3,12.0,15.3
0ry2mwqc,kf318byp,0ry2mwqc_04G,1,3.5,0.25,0.0,0.0,3.75,12.0,15.75
0ry2mwqc,ixny8wgk,0ry2mwqc_45F,1,3.25,0.13,0.0,0.0,3.38,12.0,15.38
0ry2mwqc,17mmy9aq,0ry2mwqc_34J,1,3.44,0.25,0.0,0.0,3.69,12.0,15.69
0ry2mwqc,jkyu13nf,0ry2mwqc_47W,1,3.37,0.16,0.0,0.0,3.53,12.0,15.53
6g5p7fd7,oqy41bm5,6g5p7fd7_83A,0,0.0,0.0,0.0,0.0,0.0,12.0,12.0
6g5p7fd7,7whpznqp,6g5p7fd7_30K,0,0.0,0.0,0.0,0.0,0.0,12.0,12.0
6g5p7fd7,g28u7y91,6g5p7fd7_43H,0,0.0,0.0,0.0,0.0,0.0,12.0,12.0
6g5p7fd7,dgarcejp,6g5p7fd7_41W,0,0.0,0.0,0.0,0.0,0.0,12.0,12.0
6g5p7fd7,xsika1ue,6g5p7fd7_86G,0,0.0,0.0,0.0,0.0,0.0,12.0,12.0
6g5p7fd7,0f3gz9tw,6g5p7fd7_70H,0,0.0,0.0,0.0,0.0,0.0,12.0,12.0
6g5p7fd7,abvxutvw,6g5p7fd7_38L,0,0.0,0.0,0.0,0.0,0.0,12.0,12.0
6g5p7fd7,onlyym7x,6g5p7fd7_79S,0,0.0,0.0,0.0,0.0,0.0,12.0,12.0
6g5p7fd7,oalj7bpo,6g5p7fd7_67L,0,0.0,0.0,0.0,0.0,0.0,12.0,12.0
6g5p7fd7,cjm48dhz,6g5p7fd7_39E,0,0.0,0.0,0.0,0.0,0.0,12.0,12.0
6g5p7fd7,95eycqde,6g5p7fd7_94Q,0,0.0,0.0,0.0,0.0,0.0,12.0,12.0
6g5p7fd7,6o7cxmdq,6g5p7fd7_99O,0,0.0,0.0,0.0,0.0,0.0,12.0,12.0
6g5p7fd7,azd68t3d,6g5p7fd7_94N,0,0.0,0.0,0.0,0.0,0.0,12.0,12.0
6g5p7fd7,xw9dly2u,6g5p7fd7_46P,0,0.0,0.0,0.0,0.0,0.0,12.0,12.0
6g5p7fd7,d29mpy96,6g5p7fd7_13A,0,0.0,0.0,0.0,0.0,0.0,12.0,12.0
6g5p7fd7,hg50p9is,6g5p7fd7_84Y,0,0.0,0.0,0.0,0.0,0.0,12.0,12.0
6g5p7fd7,9yrwzp4q,6g5p7fd7_68I,0,0.0,0.0,0.0,0.0,0.0,12.0,12.0
6g5p7fd7,nttyjx2l,6g5p7fd7_04O,0,0.0,0.0,0.0,0.0,0.0,12.0,12.0
6g5p7fd7,49qxybub,6g5p7fd7_92T,0,0.0,0.0,0.0,0.0,0.0,12.0,12.0
6g5p7fd7,l2g1n2xi,6g5p7fd7_46N,0,0.0,0.0,0.0,0.0,0.0,12.0,12.0
ynq39eh7,9xyunvpm,ynq39eh7_06V,0,0.0,0.0,0.0,0.0,0.0,12.0,12.0
ynq39eh7,0wxec161,ynq39eh7_44J,0,0.0,0.0,0.0,0.0,0.0,12.0,12.0
ynq39eh7,5xa6rgva,ynq39eh7_25W,0,0.0,0.0,0.0,0.0,0.0,12.0,12.0
ynq39eh7,0a7u2t8h,ynq39eh7_98A,0,0.0,0.0,0.0,0.0,0.0,12.0,12.0
ynq39eh7,rei84jg8,ynq39eh7_62H,0,0.0,0.0,0.0,0.0,0.0,12.0,12.0
ynq39eh7,4q9fia77,ynq39eh7_68J,0,0.0,0.0,0.0,0.0,0.0,12.0,12.0
ynq39eh7,028xf8ak,ynq39eh7_40B,0,0.0,0.0,0.0,0.0,0.0,12.0,12.0
ynq39eh7,ef7iao0j,ynq39eh7_57H,0,0.0,0.0,0.0,0.0,0.0,12.0,12.0
ynq39eh7,31havkgf,ynq39eh7_46C,0,0.0,0.0,0.0,0.0,0.0,12.0,12.0
ynq39eh7,nauilmis,ynq39eh7_57N,0,0.0,0.0,0.0,0.0,0.0,12.0,12.0
ynq39eh7,3xe5poe5,ynq39eh7_41K,0,0.0,0.0,0.0,0.0,0.0,12.0,12.0
ynq39eh7,t7ad9vkr,ynq39eh7_97B,0,0.0,0.0,0.0,0.0,0.0,12.0,12.0
ynq39eh7,l2rrwc9w,ynq39eh7_12H,0,0.0,0.0,0.0,0.0,0.0,12.0,12.0
ynq39eh7,ad4kktcu,ynq39eh7_96V,0,0.0,0.0,0.0,0.0,0.0,12.0,12.0
ynq39eh7,avwbnymp,ynq39eh7_28U,0,0.0,0.0,0.0,0.0,0.0,12.0,12.0
ynq39eh7,0umwroh1,ynq39eh7_50M,0,0.0,0.0,0.0,0.0,0.0,12.0,12.0
ynq39eh7,eqi7106k,ynq39eh7_20W,0,0.0,0.0,0.0,0.0,0.0,12.0,12.0
ynq39eh7,dli4ishv,ynq39eh7_08O,0,0.0,0.0,0.0,0.0,0.0,12.0,12.0
ynq39eh7,1f6oq3wx,ynq39eh7_49F,0,0.0,0.0,0.0,0.0,0.0,12.0,12.0
ynq39eh7,lmrwneyb,ynq39eh7_10E,0,0.0,0.0,0.0,0.0,0.0,12.0,12.0
uo4ihlcd,lrcnkwk5,uo4ihlcd_17S,1,3.24,0.0,0.0,0.0,3.24,12.0,15.24
uo4ihlcd,64wae3gb,uo4ihlcd_22F,1,3.41,0.0,0.0,0.0,3.41,12.0,15.41
uo4ihlcd,ygihjvmc,uo4ihlcd_61U,1,3.29,0.0,0.0,0.0,3.29,12.0,15.29
uo4ihlcd,0bci8ox1,uo4ihlcd_13N,1,3.33,0.01,0.0,0.0,3.34,12.0,15.34
uo4ihlcd,djmwcno0,uo4ihlcd_84M,1,3.25,0.09,0.0,0.0,3.34,12.0,15.34
uo4ihlcd,uk4yqhhb,uo4ihlcd_53A,1,3.39,0.13,0.0,0.0,3.52,12.0,15.52
uo4ihlcd,tetd7ktv,uo4ihlcd_85J,1,3.41,0.05,0.0,0.0,3.46,12.0,15.46
uo4ihlcd,lhv17uxr,uo4ihlcd_02E,1,3.2,0.05,0.0,0.0,3.25,12.0,15.25
uo4ihlcd,uf6m8kcd,uo4ihlcd_32Q,1,3.5,0.16,0.0,0.0,3.66,12.0,15.66
uo4ihlcd,h7kvth1z,uo4ihlcd_29M,1,3.6,0.19,0.0,0.0,3.79,12.0,15.79
uo4ihlcd,5ej7cad1,uo4ihlcd_95P,1,3.36,0.07,0.0,0.0,3.43,12.0,15.43
uo4ihlcd,uvs9bh75,uo4ihlcd_20J,1,3.45,0.13,0.0,0.0,3.58,12.0,15.58
uo4ihlcd,q9jbpn91,uo4ihlcd_50J,1,3.27,0.09,0.0,0.0,3.36,12.0,15.36
uo4ihlcd,eb70piia,uo4ihlcd_81A,1,3.05,0.13,0.0,0.0,3.18,12.0,15.18
uo4ihlcd,d43p8kej,uo4ihlcd_52J,1,3.09,0.11,0.0,0.0,3.2,12.0,15.2
uo4ihlcd,x655ejk3,uo4ihlcd_23W,1,3.43,0.15,0.0,0.0,3.58,12.0,15.58
uo4ihlcd,aswurzsk,uo4ihlcd_60U,1,3.49,0.07,0.0,0.0,3.56,12.0,15.56
uo4ihlcd,w7j4wsrr,uo4ihlcd_49A,1,3.61,0.14,0.0,0.0,3.75,12.0,15.75
uo4ihlcd,ykscvftn,uo4ihlcd_75A,1,3.28,0.06,0.0,0.0,3.34,12.0,15.34
uo4ihlcd,e65e310g,uo4ihlcd_31V,1,3.55,0.05,0.0,0.0,3.6,12.0,15.6
uo4ihlcd,hswzdpnj,uo4ihlcd_59J,1,3.17,0.11,0.0,0.0,3.28,12.0,15.28
uo4ihlcd,xnp7p4ve,uo4ihlcd_78M,1,3.31,0.1,0.0,0.0,3.41,12.0,15.41
uo4ihlcd,rer3c3jc,uo4ihlcd_21O,1,3.62,0.24,0.0,0.0,3.86,12.0,15.86
uo4ihlcd,otmyhnot,uo4ihlcd_94F,1,3.23,0.14,0.0,0.0,3.37,12.0,15.37
